frame,t_s,tfl_vx,tfl_vy,tfl_vz,tfl_yaw,pt_vx,pt_vy,pt_vz,pt_yaw
0,0.0,0.1591121,-0.078608155,-0.21515411,0.30004883,0.15883517,-0.07836521,-0.21521962,0.3
1,0.0031455283018867928,0.16226113,-0.051530242,-0.22703838,0.30004883,0.1619879,-0.051323116,-0.22710013,0.3
2,0.0062910566037735855,0.17638576,-0.04917115,-0.2215535,0.30004883,0.17609811,-0.048986375,-0.22160554,0.3
3,0.009436584905660378,0.19829297,-0.042589426,-0.20967478,0.30004883,0.19803143,-0.042429626,-0.20973802,0.3
4,0.012582113207547171,0.1461221,-0.05130893,-0.1719594,0.2996506,0.145818,-0.051159084,-0.17198771,0.29944295
5,0.015727641509433964,0.10408664,-0.04425174,-0.16191286,0.2800442,0.10376406,-0.044095397,-0.16193938,0.27984875
6,0.018873169811320756,0.11273718,-0.04560101,-0.16513139,0.27378154,0.11239886,-0.04545766,-0.16516936,0.2735715
7,0.022018698113207547,0.10705209,-0.05056697,-0.16282213,0.27292812,0.10671842,-0.050422966,-0.16286778,0.2727191
8,0.025164226415094342,0.095412016,-0.05140376,-0.15631211,0.2684586,0.09509134,-0.051278412,-0.15634626,0.2682454
9,0.028309754716981134,0.109342575,-0.04934436,-0.15675402,0.26202798,0.10898924,-0.04921311,-0.15676516,0.26184422
10,0.03145528301886793,0.12602198,-0.055825114,-0.15391994,0.25986475,0.12565339,-0.055656135,-0.15393513,0.25972366
11,0.03460081132075472,0.14442706,-0.0625841,-0.15538299,0.26343298,0.14408743,-0.062408984,-0.15539551,0.2632867
12,0.03774633962264151,0.15634298,-0.060700834,-0.14846724,0.2471379,0.15599,-0.06051308,-0.14850968,0.24694723
13,0.040891867924528306,0.1880579,-0.06552696,-0.16154361,0.24516219,0.18771935,-0.0653764,-0.16160303,0.24498773
14,0.044037396226415094,0.16806948,-0.07651013,-0.15152848,0.2297138,0.1677239,-0.07633853,-0.15159881,0.22953933
15,0.04718292452830189,0.16614497,-0.07744068,-0.1457861,0.21618843,0.16586494,-0.07729393,-0.14582402,0.21601659
16,0.050328452830188684,0.17183077,-0.068807125,-0.15110862,0.22948515,0.17156911,-0.06864166,-0.15113848,0.229294
17,0.05347398113207547,0.15816021,-0.05437845,-0.15710557,0.2709878,0.15783012,-0.054203153,-0.1571132,0.2708438
18,0.05661950943396227,0.17643762,-0.04471934,-0.17311066,0.30004883,0.17618275,-0.04455453,-0.17311919,0.3
19,0.05976503773584906,0.19525647,-0.06257784,-0.16483992,0.2987516,0.19502866,-0.062355578,-0.16485459,0.2986061
20,0.06291056603773586,0.23768866,-0.057119668,-0.15798134,0.28233248,0.23749948,-0.056940675,-0.15795863,0.2822079
21,0.06605609433962265,0.25365245,-0.07192993,-0.15004814,0.24011153,0.25336742,-0.07171035,-0.15004128,0.23999345
22,0.06920162264150943,0.22490096,-0.08333063,-0.15736407,0.21863681,0.22461748,-0.08318865,-0.15736508,0.21851742
23,0.07234715094339624,0.19249249,-0.08457774,-0.16493106,0.19726223,0.19221556,-0.084459305,-0.16488993,0.1971325
24,0.07549267924528302,0.17910266,-0.11478019,-0.15459561,0.19459385,0.17878461,-0.11457592,-0.15459442,0.19445142
25,0.07863820754716981,0.18185341,-0.11869097,-0.13955915,0.18700624,0.18152034,-0.118469,-0.13958895,0.18688405
26,0.08178373584905661,0.15581727,-0.110443056,-0.14611161,0.16228503,0.15563655,-0.11026555,-0.1460939,0.16221893
27,0.0849292641509434,0.12673223,-0.105100274,-0.13421673,0.14497754,0.12655771,-0.10488987,-0.13422203,0.14490741
28,0.08807479245283019,0.13008475,-0.09196353,-0.15256846,0.13267076,0.1299361,-0.09178132,-0.15256673,0.13263959
29,0.09122032075471699,0.12470877,-0.10226697,-0.15163755,0.12702703,0.124536395,-0.10211527,-0.15167367,0.12699157
30,0.09436584905660378,0.1314441,-0.122172356,-0.15545833,0.13195601,0.13133454,-0.122075796,-0.15545285,0.13191095
31,0.09751137735849057,0.15094316,-0.14593238,-0.14787,0.13365114,0.15082812,-0.14578491,-0.14789659,0.13358924
32,0.10065690566037737,0.14203012,-0.15773964,-0.15436876,0.13814694,0.1420176,-0.15759563,-0.1544087,0.13801545
33,0.10380243396226416,0.12675047,-0.17695713,-0.14072305,0.12708092,0.12676919,-0.17672008,-0.14075595,0.1270479
34,0.10694796226415094,0.112481356,-0.20754272,-0.113131106,0.10946584,0.11242783,-0.20732856,-0.11312491,0.10944718
35,0.11009349056603775,0.114200234,-0.18680626,-0.14752632,0.094296485,0.114091754,-0.18660021,-0.14753777,0.09430152
36,0.11323901886792453,0.13150394,-0.18963891,-0.1248073,0.09015238,0.13145518,-0.18942708,-0.12486589,0.09020558
37,0.11638454716981132,0.11781633,-0.19625616,-0.13211727,0.09495464,0.11769521,-0.19604152,-0.13214993,0.09497419
38,0.11953007547169812,0.03636682,-0.19130135,-0.13658154,0.11195871,0.036004186,-0.19102895,-0.13660693,0.11201003
39,0.12267560377358491,0.013746023,-0.18151861,-0.11716735,0.12632716,0.013468862,-0.18119794,-0.11724359,0.12648216
40,0.12582113207547171,0.0089643,-0.1710431,-0.13107407,0.113422185,0.008738518,-0.17069721,-0.13117474,0.11357871
41,0.1289666603773585,0.009455919,-0.17066419,-0.124788284,0.0953947,0.009134054,-0.17033851,-0.12485242,0.09549111
42,0.1321121886792453,0.02590251,-0.17825723,-0.11814654,0.096847296,0.025595427,-0.17791176,-0.11823696,0.09697333
43,0.1352577169811321,0.0871619,-0.17019272,-0.1449343,0.08756608,0.0870502,-0.1699155,-0.14502013,0.087637186
44,0.13840324528301887,0.11766517,-0.18708777,-0.14644003,0.07887405,0.117688775,-0.18683803,-0.14645082,0.078915805
45,0.14154877358490567,0.11532259,-0.18685079,-0.14529169,0.0792478,0.11528432,-0.1865682,-0.14530659,0.07932052
46,0.14469430188679247,0.1305114,-0.18733943,-0.14552546,0.07844421,0.1304177,-0.18694901,-0.14559591,0.07849729
47,0.14783983018867924,0.08244729,-0.18618262,-0.12426692,0.08778638,0.0821476,-0.18579578,-0.12434554,0.08786476
48,0.15098535849056605,0.06343305,-0.18194789,-0.11773139,0.08872625,0.063063025,-0.18151236,-0.117854714,0.088846505
49,0.15413088679245285,0.06444919,-0.17108166,-0.12200433,0.08325976,0.06411791,-0.17065799,-0.12209934,0.08338624
50,0.15727641509433962,0.07315397,-0.16659331,-0.13717079,0.08188921,0.07297385,-0.16627061,-0.13725084,0.08196807
51,0.16042194339622642,0.09334993,-0.16740364,-0.14712739,0.08326349,0.09321654,-0.16714483,-0.14720249,0.08335897
52,0.16356747169811323,0.13000667,-0.18676805,-0.14966589,0.08318493,0.1298945,-0.18653393,-0.14975101,0.08333132
53,0.166713,0.12203026,-0.21487093,-0.14088929,0.09162587,0.12174797,-0.21457398,-0.1409173,0.09174168
54,0.1698585283018868,0.10458028,-0.16901171,-0.15052009,0.1245105,0.104417086,-0.16860628,-0.15062785,0.12454125
55,0.1730040566037736,0.12031424,-0.108854055,-0.170295,0.12413162,0.11968994,-0.10859132,-0.17046571,0.12421274
56,0.17614958490566038,0.15704441,-0.11981094,-0.16185069,0.14190331,0.15636992,-0.11961043,-0.16207814,0.14208356
57,0.17929511320754718,0.16271675,-0.11040914,-0.15511644,0.14989644,0.16185331,-0.11027753,-0.15535569,0.14997658
58,0.18244064150943398,0.18048513,-0.11562097,-0.14432514,0.1413016,0.17980874,-0.11553484,-0.14441663,0.14130288
59,0.18558616981132076,0.15519714,-0.10055059,-0.14208937,0.13497055,0.15460956,-0.10037321,-0.14223313,0.13508546
60,0.18873169811320756,0.15427542,-0.106514335,-0.14065826,0.1546413,0.15362287,-0.10627699,-0.14082325,0.15463719
61,0.19187722641509436,0.16654503,-0.1176216,-0.15033215,0.17480075,0.1659261,-0.11741257,-0.15043855,0.17477733
62,0.19502275471698113,0.16779757,-0.090311944,-0.15978664,0.18447268,0.16728663,-0.09017801,-0.15986389,0.18438384
63,0.19816828301886794,0.19105506,-0.0779742,-0.13619506,0.19232807,0.19047308,-0.07786703,-0.13633156,0.19226384
64,0.20131381132075474,0.20134115,-0.063634336,-0.14048481,0.20408273,0.20083511,-0.06349945,-0.14064097,0.204
65,0.2044593396226415,0.14608169,-0.06344426,-0.15404904,0.25641906,0.14571023,-0.063325346,-0.1541816,0.25628585
66,0.2076048679245283,0.13413954,-0.06286585,-0.15411425,0.27259964,0.1337179,-0.06276947,-0.15422565,0.27240425
67,0.21075039622641512,0.092819095,-0.061785758,-0.16049737,0.2770002,0.09243441,-0.061681747,-0.16063178,0.2768582
68,0.2138959245283019,0.10087454,-0.050444245,-0.16550648,0.30004883,0.10052276,-0.050334632,-0.16563052,0.3
69,0.2170414528301887,0.07959151,-0.048010945,-0.15924364,0.2875476,0.07922268,-0.04791242,-0.15936947,0.28736693
70,0.2201869811320755,0.10406363,-0.04387504,-0.16718733,0.2694074,0.10367024,-0.043776035,-0.16728055,0.26917
71,0.22333250943396227,0.11057842,-0.052764714,-0.14000684,0.24448717,0.11010432,-0.052616,-0.14010388,0.24429464
72,0.22647803773584907,0.10454774,-0.050992787,-0.12908304,0.23181248,0.10404265,-0.050826073,-0.12917423,0.23166728
73,0.22962356603773587,0.13211608,-0.053444862,-0.1271317,0.23649967,0.13163686,-0.053312242,-0.12725854,0.23632008
74,0.23276909433962265,0.16131663,-0.06077504,-0.12810147,0.2192856,0.16083264,-0.06063658,-0.12822896,0.21911168
75,0.23591462264150945,0.18114197,-0.05622089,-0.14108181,0.2105481,0.18063176,-0.056060255,-0.14120162,0.21049857
76,0.23906015094339625,0.17749321,-0.049080253,-0.14798611,0.20416874,0.17708135,-0.048911273,-0.14808547,0.20410848
77,0.24220567924528302,0.17691112,-0.049701095,-0.13783991,0.19634336,0.17644286,-0.049542904,-0.13792431,0.19629991
78,0.24535120754716983,0.2139647,-0.059081376,-0.14543974,0.21039355,0.21349978,-0.058927,-0.14552021,0.21031493
79,0.24849673584905663,0.1932342,-0.052560925,-0.14656854,0.21657443,0.19275618,-0.05238861,-0.14662927,0.21648967
80,0.25164226415094343,0.2042892,-0.04292804,-0.14538956,0.21287102,0.20381331,-0.04276836,-0.14545417,0.21277672
81,0.2547877924528302,0.21235573,-0.044825792,-0.14109194,0.2070955,0.21188986,-0.044667006,-0.14117807,0.20701498
82,0.257933320754717,0.20856965,-0.045405924,-0.13866764,0.20630938,0.20811892,-0.045232475,-0.13875061,0.20621395
83,0.2610788490566038,0.20042646,-0.056533813,-0.1561917,0.22382522,0.19996297,-0.056324422,-0.15627807,0.22372723
84,0.2642243773584906,0.18203604,-0.047825515,-0.13251823,0.21023786,0.18160164,-0.04763645,-0.13261747,0.21015614
85,0.2673699056603774,0.19438338,-0.053380728,-0.11507058,0.20027888,0.19387329,-0.05324471,-0.115219295,0.20012712
86,0.2705154339622642,0.1974318,-0.058845997,-0.1357215,0.19001734,0.19691718,-0.058708012,-0.1358347,0.18994674
87,0.27366096226415093,0.1710639,-0.07105249,-0.14919746,0.18132466,0.17055702,-0.07092857,-0.14929682,0.18122533
88,0.27680649056603773,0.15959167,-0.06724566,-0.13606292,0.17364132,0.15922868,-0.067126036,-0.13612157,0.17358762
89,0.27995201886792453,0.16776764,-0.069867015,-0.12346381,0.15688443,0.16743565,-0.06971383,-0.12351149,0.15681362
90,0.28309754716981134,0.22154117,-0.054454923,-0.12872994,0.1403355,0.22125173,-0.054237843,-0.12878197,0.140297
91,0.28624307547169814,0.2387315,-0.06471795,-0.12767613,0.1349675,0.23841703,-0.064533114,-0.12770975,0.1349155
92,0.28938860377358494,0.21976054,-0.064427674,-0.12966937,0.15045324,0.21951842,-0.06428599,-0.12971526,0.15035203
93,0.2925341320754717,0.16673696,-0.08680123,-0.110192776,0.16324925,0.16650677,-0.08658844,-0.11021167,0.1631279
94,0.2956796603773585,0.17069578,-0.09760803,-0.1193254,0.16373813,0.17051423,-0.09750283,-0.11933762,0.16361982
95,0.2988251886792453,0.17591059,-0.13603824,-0.089918554,0.13936877,0.17578125,-0.13588029,-0.08990663,0.13932246
96,0.3019707169811321,0.15208435,-0.16754305,-0.04747653,0.123063564,0.15194356,-0.16737568,-0.047519207,0.12302405
97,0.3051162452830189,0.16226327,-0.17124856,-0.05894661,0.12348065,0.16215312,-0.17105812,-0.058979273,0.12342885
98,0.3082617735849057,0.17868972,-0.1761663,-0.06102419,0.11155647,0.17854774,-0.17595714,-0.06106037,0.111525476
99,0.31140730188679244,0.19483018,-0.1717431,-0.10103327,0.11197114,0.19461787,-0.17151588,-0.10111356,0.11197162
100,0.31455283018867924,0.20788312,-0.18750727,-0.08395666,0.10471439,0.20768273,-0.18725109,-0.08402938,0.10471147
101,0.31769835849056605,0.23492265,-0.2064876,-0.09524709,0.11309716,0.23479152,-0.20622927,-0.09530038,0.11304587
102,0.32084388679245285,0.23255718,-0.2061038,-0.10283339,0.11201048,0.23246074,-0.20592195,-0.1028406,0.11207569
103,0.32398941509433965,0.21968186,-0.20446968,-0.10436189,0.11713952,0.21959102,-0.2042638,-0.10439783,0.117201805
104,0.32713494339622645,0.23276758,-0.21265858,-0.09746158,0.117589414,0.23256052,-0.21241236,-0.09753722,0.11755717
105,0.3302804716981132,0.19873881,-0.19711328,-0.09279472,0.11679742,0.19855177,-0.1968674,-0.092865765,0.11676848
106,0.333426,0.19983709,-0.20582443,-0.09085065,0.11308247,0.19963896,-0.20557845,-0.09092015,0.11304748
107,0.3365715283018868,0.1983484,-0.20644885,-0.09308189,0.113330364,0.1981492,-0.2062037,-0.09315467,0.113286436
108,0.3397170566037736,0.20358443,-0.20308393,-0.087865174,0.11868423,0.2033751,-0.2028147,-0.08794677,0.118637025
109,0.3428625849056604,0.19833076,-0.19415879,-0.08631301,0.10519424,0.19808078,-0.19388634,-0.086381614,0.10515049
110,0.3460081132075472,0.21271014,-0.19124073,-0.09478909,0.09273958,0.21258521,-0.19101608,-0.09482211,0.09277964
111,0.34915364150943395,0.20665836,-0.20130467,-0.10757196,0.09842649,0.20652843,-0.2011118,-0.10755223,0.098465085
112,0.35229916981132076,0.1910919,-0.21124142,-0.1020183,0.09658763,0.19103467,-0.21099246,-0.10203564,0.09666106
113,0.35544469811320756,0.19515264,-0.22949797,-0.113643646,0.10384548,0.19508386,-0.22921455,-0.11363232,0.10389435
114,0.35859022641509436,0.19655156,-0.21874022,-0.15217918,0.11404738,0.19649458,-0.21858656,-0.1521126,0.11407477
115,0.36173575471698116,0.17599177,-0.25531602,-0.12914336,0.1258609,0.17593312,-0.2551393,-0.12909138,0.12586325
116,0.36488128301886796,0.19372654,-0.27534485,-0.13945079,0.14260924,0.19372177,-0.2751838,-0.13943881,0.14259917
117,0.3680268113207547,0.1682235,-0.3145209,-0.12048674,0.12815756,0.16818464,-0.31434005,-0.120512724,0.12804261
118,0.3711723396226415,0.16154063,-0.31652153,-0.11226112,0.11298999,0.16151047,-0.3163116,-0.112315536,0.11288148
119,0.3743178679245283,0.18192554,-0.30499363,-0.12208676,0.11956555,0.18193173,-0.3047729,-0.12213546,0.11944014
120,0.3774633962264151,0.22567952,-0.28778934,-0.13870144,0.13630283,0.2257036,-0.28761303,-0.13875186,0.13610989
121,0.3806089245283019,0.21084058,-0.27669668,-0.14107776,0.1355707,0.21088457,-0.27645743,-0.14113349,0.13539973
122,0.3837544528301887,0.20696712,-0.26777887,-0.14170623,0.13428345,0.20695972,-0.2675286,-0.1417607,0.1341579
123,0.38689998113207547,0.20599198,-0.26706642,-0.13714474,0.1305846,0.20599341,-0.26680028,-0.13724458,0.13047862
124,0.39004550943396227,0.18973875,-0.26543558,-0.13610095,0.12697473,0.1897273,-0.2651366,-0.13619769,0.1268569
125,0.39319103773584907,0.18512607,-0.27027816,-0.13257396,0.12416574,0.1850872,-0.26996613,-0.13266408,0.124049485
126,0.39633656603773587,0.17681754,-0.27146494,-0.1251899,0.1231032,0.17694521,-0.2711612,-0.12520534,0.123140156
127,0.3994820943396227,0.17827833,-0.26809937,-0.12324089,0.12274596,0.1782422,-0.2677747,-0.12329954,0.122592986
128,0.4026276226415095,0.18268538,-0.2677951,-0.12336695,0.121243596,0.18259859,-0.2674706,-0.12342358,0.12109691
129,0.4057731509433962,0.1868012,-0.25833744,-0.12662446,0.11486843,0.18676436,-0.2580651,-0.12669891,0.11474961
130,0.408918679245283,0.18200374,-0.23807663,-0.13558733,0.11414057,0.18205667,-0.23784572,-0.13555759,0.11418894
131,0.4120642075471698,0.19110513,-0.22558361,-0.14084435,0.10926014,0.1911515,-0.22535431,-0.14082062,0.10935736
132,0.4152097358490566,0.19218493,-0.2249738,-0.1436714,0.108618766,0.19225931,-0.22474575,-0.1436637,0.10869315
133,0.41835526415094343,0.1884036,-0.2327311,-0.1426152,0.112948954,0.18844903,-0.23252177,-0.14259118,0.11304507
134,0.42150079245283023,0.17235124,-0.23668355,-0.14188534,0.1170015,0.17232704,-0.23641151,-0.14188892,0.117114544
135,0.424646320754717,0.17778337,-0.24579114,-0.14817351,0.112546444,0.17784095,-0.24554175,-0.14818597,0.11260831
136,0.4277918490566038,0.19208574,-0.23122472,-0.16170019,0.11559296,0.19204485,-0.23100418,-0.16168296,0.1155971
137,0.4309373773584906,0.21458256,-0.23136091,-0.16734767,0.108911395,0.21448445,-0.23109597,-0.16733217,0.1088953
138,0.4340829056603774,0.19803274,-0.23282748,-0.16546452,0.11300534,0.19796658,-0.23256814,-0.16547894,0.1130251
139,0.4372284339622642,0.18964112,-0.23582333,-0.16154957,0.118098915,0.18965304,-0.23556519,-0.16155809,0.11814043
140,0.440373962264151,0.18352556,-0.23062134,-0.15167016,0.11104542,0.18361068,-0.23041975,-0.15168428,0.11110574
141,0.44351949056603773,0.17546654,-0.23122704,-0.14839649,0.1130375,0.17554247,-0.23102015,-0.14842808,0.113085896
142,0.44666501886792453,0.185915,-0.2283231,-0.14855707,0.107681006,0.18594396,-0.22813165,-0.14859045,0.10773569
143,0.44981054716981134,0.19254649,-0.22655082,-0.15812564,0.10463318,0.19252968,-0.22629571,-0.15816033,0.10467428
144,0.45295607547169814,0.1948371,-0.21646643,-0.1620326,0.10592002,0.19479883,-0.21619827,-0.16208857,0.10592255
145,0.45610160377358494,0.18995392,-0.2058819,-0.15462601,0.10409784,0.18988657,-0.20560622,-0.15467334,0.1040937
146,0.45924713207547174,0.20540178,-0.20741224,-0.15346038,0.103511184,0.20527983,-0.20710832,-0.15349865,0.10348469
147,0.4623926603773585,0.21096957,-0.19716358,-0.14096713,0.09498322,0.21084368,-0.19682372,-0.141016,0.09493977
148,0.4655381886792453,0.22520614,-0.19078547,-0.1361084,0.083086014,0.22501111,-0.19048822,-0.13615972,0.08295202
149,0.4686837169811321,0.2450676,-0.18473625,-0.120768905,0.08467165,0.24480057,-0.18446285,-0.12085253,0.08456457
150,0.4718292452830189,0.2135191,-0.17324454,-0.097697616,0.09833771,0.21321058,-0.17290843,-0.09780455,0.098252386
151,0.4749747735849057,0.24498403,-0.16263807,-0.07664144,0.071792185,0.24449909,-0.16233659,-0.076793134,0.07185888
152,0.4781203018867925,0.22359753,-0.110480905,-0.098193765,0.07689476,0.22313464,-0.11029643,-0.09835404,0.077014476
153,0.48126583018867924,0.2167263,-0.073640704,-0.0806275,0.09364882,0.21637249,-0.07349563,-0.08074653,0.09360862
154,0.48441135849056605,0.27007437,-0.021005452,-0.109698355,0.082775116,0.26984322,-0.02081579,-0.10985249,0.082769096
155,0.48755688679245285,0.31211126,0.017769098,-0.100813985,0.08877939,0.3116418,0.017945051,-0.100952744,0.08863741
156,0.49070241509433965,0.32017434,0.023706675,-0.107507825,0.07419351,0.31961,0.02401805,-0.10763502,0.07394618
157,0.49384794339622645,0.27398014,0.021120667,-0.13488996,0.09750819,0.2732885,0.021548629,-0.13509673,0.09743321
158,0.49699347169811325,0.24727929,0.056111813,-0.14071548,0.117470026,0.24668694,0.056390285,-0.1408019,0.11729169
159,0.500139,0.20615828,0.10197818,-0.13159949,0.11037907,0.20550132,0.10224855,-0.13181746,0.110250086
160,0.5032845283018869,0.14758813,0.118418574,-0.13254005,0.1102891,0.14712477,0.11876941,-0.132617,0.11016202
161,0.5064300566037736,0.15212798,0.12595892,-0.132298,0.11076516,0.15175319,0.12628186,-0.13235277,0.11066046
162,0.5095755849056604,0.13741302,0.12997437,-0.14828217,0.1368322,0.1370709,0.13030505,-0.14832276,0.13664237
163,0.5127211132075472,0.13350177,0.15410256,-0.17613882,0.15346456,0.13321733,0.15447664,-0.17623973,0.15326786
164,0.515866641509434,0.13898754,0.17155576,-0.17900276,0.21134639,0.13884091,0.17187524,-0.17900139,0.21115488
165,0.5190121698113208,0.18870568,0.23595881,-0.15822273,0.27650636,0.18858302,0.23624253,-0.15823054,0.27631837
166,0.5221576981132076,0.16060841,0.2362504,-0.11304003,0.30004883,0.16059482,0.23657358,-0.11299747,0.3
167,0.5253032264150944,0.15188193,0.2619182,-0.081891894,0.30004883,0.15190566,0.26219022,-0.081787884,0.3
168,0.5284487547169812,0.14955974,0.2465235,-0.06612581,0.30004883,0.14951718,0.24691725,-0.06603235,0.3
169,0.5315942830188679,0.12390208,0.2249422,-0.0917021,0.30004883,0.12395382,0.2253499,-0.091605306,0.3
170,0.5347398113207548,0.09680045,0.27108014,-0.14475834,0.30004883,0.09692192,0.27149653,-0.14456248,0.3
171,0.5378853396226415,0.074283004,0.29465938,-0.18015254,0.30004883,0.074383974,0.2950107,-0.17991412,0.3
172,0.5410308679245284,0.104337454,0.32393384,-0.21654767,0.29223907,0.10438776,0.32429028,-0.21635926,0.2921008
173,0.5441763962264151,0.08938599,0.37479973,-0.24806201,0.26382613,0.08936179,0.37507355,-0.24795324,0.26366204
174,0.5473219245283019,0.08993387,0.41581547,-0.2692927,0.29356635,0.08998501,0.4160695,-0.2691183,0.29337627
175,0.5504674528301887,0.113818884,0.54409444,-0.28876472,0.30004883,0.113859415,0.5442412,-0.2886263,0.3
176,0.5536129811320755,0.1186409,0.64611375,-0.23686033,0.30004883,0.11870873,0.6462424,-0.23669857,0.3
177,0.5567585094339623,0.08700669,0.7288468,-0.20607907,0.30004883,0.08711517,0.7289243,-0.20596683,0.3
178,0.5599040377358491,0.08514655,0.7467363,-0.14441502,0.30004883,0.08518493,0.7468355,-0.14437616,0.3
179,0.5630495660377359,0.0293926,0.762429,-0.19359243,0.30004883,0.029361248,0.7624508,-0.19355512,0.3
180,0.5661950943396227,0.050062537,0.78845763,-0.17591691,0.30004883,0.0499835,0.78855276,-0.17591524,0.3
181,0.5693406226415094,0.08851254,0.777313,-0.17282999,0.30004883,0.08845425,0.77740383,-0.17285216,0.3
182,0.5724861509433963,0.116867304,0.7863481,-0.17464387,0.30004883,0.11681926,0.786378,-0.17461818,0.3
183,0.575631679245283,0.10927272,0.7618226,-0.1489389,0.30004883,0.10904443,0.76179624,-0.14903462,0.3
184,0.5787772075471699,0.056414366,0.7837479,-0.15383643,0.30004883,0.05622816,0.78381324,-0.15393955,0.3
185,0.5819227358490566,0.026699781,0.8298321,-0.14569604,0.30004883,0.026496649,0.82990575,-0.14584827,0.3
186,0.5850682641509434,0.026865602,0.88028026,-0.14107871,0.30004883,0.026667356,0.8803153,-0.1411891,0.3
187,0.5882137924528302,0.018499136,0.89416885,-0.14045715,0.30004883,0.018183708,0.8941525,-0.14064431,0.3
188,0.591359320754717,0.007584095,0.8766365,-0.13962519,0.30004883,0.0069378614,0.8765793,-0.13990045,0.3
189,0.5945048490566038,0.0231781,0.89858603,-0.1411115,0.30004883,0.022538781,0.8984964,-0.14137393,0.3
190,0.5976503773584906,0.018900037,0.89525163,-0.17276877,0.30004883,0.018360853,0.8952904,-0.17305791,0.3
191,0.6007959056603774,0.035274267,0.848289,-0.19445795,0.30004883,0.034727216,0.8482883,-0.19480294,0.3
192,0.6039414339622642,0.032057166,0.85523343,-0.2146616,0.30004883,0.031540394,0.85535336,-0.21499199,0.3
193,0.6070869622641509,0.033022285,0.83413243,-0.23571342,0.30004883,0.032425165,0.8341757,-0.23597628,0.3
194,0.6102324905660378,0.010887861,0.8621392,-0.15236658,0.30004883,0.01010704,0.86231995,-0.152672,0.3
195,0.6133780188679245,-0.008956671,0.90579414,-0.09667802,0.30004883,-0.00989306,0.905748,-0.09705341,0.3
196,0.6165235471698114,0.0148614645,0.92665863,-0.08385223,0.30004883,0.013839006,0.9266486,-0.08420986,0.3
197,0.6196690754716981,0.03838551,0.9108887,-0.08312917,0.30004883,0.037435174,0.91093993,-0.083521426,0.3
198,0.6228146037735849,0.011397362,0.8927568,-0.0648607,0.30004883,0.010510087,0.892925,-0.06515193,0.3
199,0.6259601320754717,-0.088448465,0.91355133,-0.07647133,0.30004883,-0.08926332,0.913687,-0.07674271,0.3
200,0.6291056603773585,-0.118444085,0.9175048,-0.07308233,0.30004883,-0.11893523,0.9177079,-0.07322657,0.3
201,0.6322511886792453,-0.11982924,0.93588185,-0.07365835,0.30004883,-0.120381,0.93604815,-0.07385874,0.3
202,0.6353967169811321,-0.14538383,0.9445338,-0.08146924,0.30004883,-0.1460858,0.94464135,-0.081728935,0.3
203,0.638542245283019,-0.16693544,0.95128846,-0.091854274,0.30004883,-0.16777658,0.9514222,-0.09217906,0.3
204,0.6416877735849057,-0.15348303,0.95539,-0.05389756,0.30004883,-0.15451884,0.9554262,-0.05429113,0.3
205,0.6448333018867924,-0.16953486,0.9903114,-0.06381416,0.30004883,-0.1706878,0.99017763,-0.064208806,0.3
206,0.6479788301886793,-0.15408641,1.0,-0.082140625,0.30004883,-0.15507972,1.0,-0.08250892,0.3
207,0.651124358490566,-0.19416511,0.9999999,-0.081983745,0.30004883,-0.19522333,1.0,-0.08236873,0.3
208,0.6542698867924529,-0.1758343,0.9999999,-0.07777029,0.30004883,-0.1767264,1.0,-0.07808411,0.3
209,0.6574154150943397,-0.15264559,0.9999999,-0.057694376,0.30004883,-0.15365565,0.9999999,-0.058134675,0.3
210,0.6605609433962264,-0.116078734,0.96003556,-0.07769364,0.30004883,-0.116891146,0.96012783,-0.07800108,0.3
211,0.6637064716981133,-0.056797326,0.9681982,-0.07361925,0.30004883,-0.057885647,0.9684038,-0.07401359,0.3
212,0.666852,-0.03703952,0.972455,-0.07181376,0.30004883,-0.038055837,0.9725492,-0.07221717,0.3
213,0.6699975283018869,-0.012569666,0.94356763,-0.06692791,0.30004883,-0.013470352,0.9436939,-0.06721383,0.3
214,0.6731430566037736,-0.007640958,0.94859934,-0.06374687,0.30004883,-0.008451462,0.94870687,-0.06404996,0.3
215,0.6762885849056605,-0.09380019,0.9627607,-0.07587004,0.30004883,-0.09476644,0.9626539,-0.07617414,0.3
216,0.6794341132075472,-0.065390885,0.9476299,-0.05252993,0.30004883,-0.06651217,0.9474416,-0.052977502,0.3
217,0.682579641509434,-0.052668154,0.94949627,-0.04902762,0.30004883,-0.053659678,0.9494512,-0.04945177,0.3
218,0.6857251698113208,-0.11274856,0.94985986,-0.060442984,0.30004883,-0.11363596,0.9498365,-0.060847342,0.3
219,0.6888706981132076,-0.14281124,0.9505818,-0.07330227,0.30004883,-0.14358437,0.95061946,-0.07361877,0.3
220,0.6920162264150944,-0.07264811,0.9695264,-0.06551361,0.30004883,-0.073459566,0.9695959,-0.06571996,0.3
221,0.6951617547169812,-0.021803916,0.9411454,-0.06541026,0.30004883,-0.022791922,0.9411464,-0.06574327,0.3
222,0.6983072830188679,0.009807944,0.9219327,-0.041163087,0.30004883,0.008604288,0.92169905,-0.041611493,0.3
223,0.7014528113207548,-0.029987752,0.91822004,-0.050585747,0.3000489,-0.03108114,0.9180677,-0.051007688,0.30000007
224,0.7045983396226415,0.04835999,0.9999999,-0.08039522,0.30004883,0.047306776,1.0,-0.080905855,0.3
225,0.7077438679245284,0.0051338673,0.9817798,-0.13843548,0.30004883,0.004014373,0.9817872,-0.13885057,0.3
226,0.7108893962264151,0.03758657,0.94685984,-0.16712075,0.30004883,0.03659177,0.94669485,-0.16746688,0.3
227,0.714034924528302,0.029790282,0.92767334,-0.17714667,0.30004883,0.028802633,0.9274852,-0.17748678,0.3
228,0.7171804528301887,0.023484468,0.9213711,-0.18112242,0.30004883,0.022513509,0.92126083,-0.18147177,0.3
229,0.7203259811320755,0.024053931,0.9290588,-0.1703667,0.30004883,0.02295363,0.9289886,-0.17076278,0.3
230,0.7234715094339623,0.008808374,0.8916621,-0.14805377,0.30004883,0.007819295,0.8915665,-0.14849335,0.3
231,0.7266170377358491,-0.004072368,0.81525934,-0.20351255,0.30004883,-0.0048446655,0.8150852,-0.20386028,0.3
232,0.7297625660377359,0.030825496,0.8188001,-0.16829687,0.30004883,0.030189872,0.81870127,-0.16861951,0.3
233,0.7329080943396227,0.024735808,0.84149337,-0.19936097,0.30004883,0.024516463,0.8415264,-0.19954878,0.3
234,0.7360536226415094,0.047007084,0.8076217,-0.18037188,0.30004883,0.04672432,0.80748546,-0.18053615,0.3
235,0.7391991509433963,0.077445626,0.79212546,-0.15899992,0.30004883,0.077138424,0.7920909,-0.15913391,0.3
236,0.742344679245283,0.16771746,0.7704427,-0.13699949,0.30004883,0.16751885,0.77044535,-0.13711303,0.3
237,0.7454902075471699,0.13404906,0.5096303,-0.16108096,0.30004883,0.13390231,0.50966454,-0.16114938,0.3
238,0.7486357358490566,0.16830921,0.41276038,-0.18349755,0.30004883,0.1681279,0.41284466,-0.18353885,0.3
239,0.7517812641509435,0.15847957,0.46160257,-0.2174921,0.30004883,0.15832996,0.46174037,-0.21750528,0.3
240,0.7549267924528302,0.26523948,0.3683784,-0.23948681,0.2912655,0.26505625,0.36868572,-0.23948252,0.29112166
241,0.758072320754717,0.19471383,0.2656306,-0.1978206,0.2937218,0.19450164,0.26593387,-0.19784725,0.29360884
242,0.7612178490566038,0.13869846,0.32421827,-0.11010271,0.2839539,0.13856399,0.32450497,-0.11011857,0.28386134
243,0.7643633773584906,0.1644342,0.29662347,-0.06628245,0.29010457,0.16440213,0.29684365,-0.06632912,0.28999943
244,0.7675089056603774,0.18953907,0.2750529,-0.0630098,0.27431738,0.18960023,0.27521992,-0.06293082,0.2741657
245,0.7706544339622642,0.18538189,0.2779951,-0.051266015,0.2381705,0.18542325,0.27809775,-0.05121249,0.23809135
246,0.7737999622641509,0.23162735,0.2809596,-0.027745247,0.21339625,0.23164153,0.28102064,-0.027639091,0.21336079
247,0.7769454905660378,0.17281294,0.25529695,-0.067989945,0.23125029,0.17285752,0.2554474,-0.06778252,0.23126566
248,0.7800910188679245,0.23157597,0.17995167,-0.0824275,0.20247287,0.2316184,0.1801523,-0.08218527,0.2024144
249,0.7832365471698114,0.320225,0.16353464,-0.07783443,0.19684559,0.32026017,0.1636908,-0.07766217,0.19683269
250,0.7863820754716981,0.39712524,0.11590457,-0.10746807,0.18633837,0.39709783,0.11612105,-0.10736197,0.18633196
251,0.789527603773585,0.34786475,0.13329744,-0.10671252,0.11549142,0.34792924,0.13348567,-0.1065352,0.11546031
252,0.7926731320754717,0.33709633,0.0978111,-0.12328291,0.110132545,0.33725357,0.097958565,-0.12314993,0.11014593
253,0.7958186603773585,0.27796865,0.023816586,-0.107174695,0.08043119,0.27798486,0.023812294,-0.107117355,0.0804314
254,0.7989641886792453,0.24944293,0.022996783,-0.079220295,0.063823014,0.24911463,0.023124337,-0.07922739,0.06373969
255,0.8021097169811321,0.21552086,0.016421199,-0.0874089,0.100442946,0.2152183,0.016566753,-0.08737594,0.10038
256,0.805255245283019,0.08828938,0.0150767565,-0.083176136,0.072663814,0.08773255,0.015215397,-0.08322483,0.07257694
257,0.8084007735849057,0.09806216,-0.011624515,-0.105187535,0.07499999,0.09753752,-0.0112704635,-0.10524118,0.07482815
258,0.8115463018867924,0.16213453,-0.02266407,-0.09457719,0.065778136,0.16153121,-0.022361279,-0.0947606,0.06575292
259,0.8146918301886793,0.14880514,-0.099285066,-0.077313125,0.059816867,0.14840627,-0.09885132,-0.07746822,0.0597336
260,0.817837358490566,0.2245307,-0.16852772,-0.08311266,0.07025069,0.22429848,-0.16828537,-0.083286464,0.07029718
261,0.8209828867924529,0.23582864,-0.20201373,-0.08510232,0.08730149,0.23562312,-0.20172763,-0.085196614,0.08726388
262,0.8241284150943397,0.22445905,-0.19869488,-0.1013906,0.10375458,0.22435296,-0.19840944,-0.10147154,0.10365659
263,0.8272739433962264,0.23839378,-0.19915324,-0.11227304,0.0919739,0.23818266,-0.19885898,-0.112413704,0.0919466
264,0.8304194716981133,0.20444763,-0.17714894,-0.09548545,0.073143065,0.20418453,-0.17681485,-0.09561217,0.073076814
265,0.833565,0.18659914,-0.15098554,-0.092990756,0.05966419,0.18618965,-0.15065753,-0.09312588,0.059580475
266,0.8367105283018869,0.17328393,-0.141536,-0.0979799,0.059521675,0.17289579,-0.14118868,-0.09815937,0.059373707
267,0.8398560566037736,0.2014482,-0.16262686,-0.09734726,0.0671168,0.20110488,-0.16234851,-0.09749091,0.067052126
268,0.8430015849056605,0.19433558,-0.17865974,-0.0980072,0.07572466,0.19405675,-0.17834866,-0.09815788,0.07564971
269,0.8461471132075472,0.18857336,-0.17576021,-0.10234058,0.07333499,0.18837833,-0.17543107,-0.10246426,0.073304534
270,0.849292641509434,0.18581212,-0.1815955,-0.10263896,0.07766533,0.18552911,-0.18120623,-0.10274601,0.07758424
271,0.8524381698113208,0.17727041,-0.16908818,-0.113523126,0.073347926,0.17715454,-0.16878158,-0.1135717,0.0733417
272,0.8555836981132076,0.15091157,-0.16084218,-0.12565541,0.06675327,0.15080094,-0.16053402,-0.12568122,0.06669423
273,0.8587292264150944,0.15344405,-0.16385949,-0.12660241,0.06086415,0.1533351,-0.16358161,-0.12660718,0.06082946
274,0.8618747547169812,0.166646,-0.1724537,-0.123055756,0.06476101,0.16656423,-0.17218685,-0.12308538,0.06474322
275,0.8650202830188679,0.15788817,-0.17323023,-0.12515604,0.07166889,0.15778673,-0.17298228,-0.12520146,0.071695924
276,0.8681658113207548,0.14675093,-0.17301768,-0.12141061,0.07922357,0.14661646,-0.1727423,-0.12146598,0.07924241
277,0.8713113396226415,0.16909218,-0.19142246,-0.12106675,0.09015849,0.16889083,-0.1910857,-0.121091425,0.090154976
278,0.8744568679245284,0.17248547,-0.2049911,-0.12620836,0.08808839,0.17239511,-0.20470387,-0.12619764,0.08812177
279,0.8776023962264151,0.1708306,-0.20209515,-0.098766804,0.08239353,0.17069924,-0.20184076,-0.098765194,0.08250332
280,0.880747924528302,0.15812778,-0.20098233,-0.0933454,0.08779967,0.15812492,-0.20075065,-0.09333134,0.08790031
281,0.8838934528301887,0.15434694,-0.2065137,-0.115728915,0.095377,0.1543057,-0.20629549,-0.11579251,0.09547764
282,0.8870389811320755,0.19290864,-0.23107886,-0.14440286,0.09487805,0.19287014,-0.23083472,-0.14438343,0.09497151
283,0.8901845094339623,0.21127033,-0.24686015,-0.15979403,0.10179776,0.21121359,-0.24666166,-0.15977329,0.10186109
284,0.8933300377358491,0.20809162,-0.25631785,-0.1531856,0.10445094,0.20793617,-0.25608468,-0.1532048,0.10454291
285,0.8964755660377359,0.18811953,-0.2548685,-0.15174109,0.10684839,0.18809032,-0.25463748,-0.15174615,0.106939465
286,0.8996210943396227,0.19510353,-0.26800847,-0.13276404,0.10199171,0.19512105,-0.26777947,-0.13278455,0.10209373
287,0.9027666226415094,0.20522356,-0.27667683,-0.14594036,0.105006516,0.20512533,-0.2764908,-0.14594668,0.10506433
288,0.9059121509433963,0.18652809,-0.26488674,-0.1366247,0.103666425,0.18650854,-0.26466495,-0.13665241,0.10370451
289,0.909057679245283,0.16936886,-0.2733454,-0.14167118,0.10134539,0.16927874,-0.27311528,-0.14164263,0.10134286
290,0.9122032075471699,0.17786288,-0.27451712,-0.1456157,0.10373032,0.17779517,-0.27422667,-0.1456052,0.103681564
291,0.9153487358490566,0.18399882,-0.2964425,-0.14627749,0.10797089,0.18402612,-0.29607642,-0.14634246,0.10797733
292,0.9184942641509435,0.17790532,-0.29957938,-0.13841629,0.11097455,0.17790985,-0.29920602,-0.13848138,0.110988975
293,0.9216397924528302,0.1789546,-0.30391622,-0.13570201,0.12991035,0.17881846,-0.30355972,-0.13579226,0.12970495
294,0.924785320754717,0.19381905,-0.29586315,-0.1415497,0.117147,0.1937499,-0.29558158,-0.14162862,0.11689606
295,0.9279308490566038,0.1344086,-0.33256614,-0.08944142,0.10517326,0.13440096,-0.3321929,-0.08954376,0.10495201
296,0.9310763773584906,0.12817931,-0.31799185,-0.07941967,0.08617416,0.12820172,-0.3177579,-0.07949561,0.086037755
297,0.9342219056603774,0.11142647,-0.267972,-0.079170704,0.07123637,0.111373425,-0.2675994,-0.07923436,0.07104814
298,0.9373674339622642,0.10641813,-0.24228281,-0.04745704,0.05534762,0.10656786,-0.24197853,-0.047555983,0.05529535
299,0.9405129622641509,0.14472365,-0.29149687,-0.03160149,0.04317075,0.14478993,-0.2911806,-0.031696737,0.043157756
300,0.9436584905660378,0.12191939,-0.31163883,-0.037601054,0.05488044,0.12186527,-0.3110832,-0.037594676,0.054971784
301,0.9468040188679245,0.11769807,-0.32693052,-0.045102656,0.045202464,0.11770356,-0.32648146,-0.045092106,0.045240223
302,0.9499495471698114,0.12059426,-0.33409554,-0.04149449,0.039513946,0.120643735,-0.33364642,-0.041471243,0.039558113
303,0.9530950754716981,0.08143127,-0.3469962,-0.036592066,0.05545214,0.08153415,-0.34640902,-0.036669552,0.055467516
304,0.956240603773585,0.096836805,-0.39109844,-0.0333696,0.04426059,0.09688413,-0.39046288,-0.033388853,0.044304222
305,0.9593861320754717,0.06248367,-0.4159168,-0.043483257,0.054184437,0.06250429,-0.4151851,-0.043517172,0.05423069
306,0.9625316603773585,0.12710094,-0.40808737,-0.030621827,0.025160164,0.12706745,-0.40749645,-0.030576944,0.025227964
307,0.9656771886792453,0.1428585,-0.379133,-0.047293186,0.039800435,0.14290345,-0.3787641,-0.047296703,0.039853573
308,0.9688227169811321,0.123533964,-0.38401592,-0.056898832,0.03736964,0.123432755,-0.38373756,-0.05678743,0.037441403
309,0.971968245283019,0.09619367,-0.31602025,-0.077184856,0.018151253,0.09631038,-0.31592894,-0.077034414,0.018253744
310,0.9751137735849057,0.092828155,-0.32537222,-0.08440584,0.0077652037,0.092871904,-0.32536983,-0.08429462,0.007948071
311,0.9782593018867924,0.123543024,-0.3003952,-0.07007867,0.0067921877,0.1235981,-0.30039656,-0.069916844,0.0069129467
312,0.9814048301886793,0.097478986,-0.22829807,-0.07051247,-0.0027003288,0.09745109,-0.22820348,-0.07034826,-0.00261724
313,0.984550358490566,0.102027535,-0.21254766,-0.056528628,-0.016644597,0.10206723,-0.21235567,-0.05646801,-0.016485631
314,0.9876958867924529,0.0779655,-0.2309826,-0.05230069,0.00018444657,0.07805216,-0.23074573,-0.052299023,0.0002975762
315,0.9908414150943397,0.07758939,-0.23059338,-0.05545509,0.013412893,0.077641964,-0.23032522,-0.055490136,0.013317823
316,0.9939869433962265,0.16315126,-0.32497144,-0.06977749,-0.045362204,0.16328263,-0.32482755,-0.069854975,-0.04539478
317,0.9971324716981133,0.27734852,-0.45476598,-0.030201674,-0.09908715,0.27747154,-0.4545821,-0.030290782,-0.099170655
318,1.000278,0.25050044,-0.5036334,0.031037569,-0.090435684,0.25067866,-0.503654,0.030989766,-0.0903645
319,1.0034235283018869,0.27949762,-0.51729774,-0.0011204481,-0.06391144,0.27975428,-0.5173472,-0.0011570454,-0.06396553
320,1.0065690566037737,0.36291707,-0.5079776,-0.07382417,-0.039587587,0.36306798,-0.50804466,-0.073795676,-0.03965625
321,1.0097145849056604,0.30593646,-0.48195362,0.008256912,-0.08356094,0.3060124,-0.48184347,0.008251309,-0.08361289
322,1.0128601132075472,0.23791075,-0.4735788,0.020177007,-0.05562085,0.23816717,-0.47337174,0.020138025,-0.055618733
323,1.016005641509434,0.25331163,-0.45988333,0.032482743,-0.0779057,0.25343978,-0.4598583,0.03239727,-0.07793693
324,1.0191511698113207,0.23932338,-0.41627133,0.03580129,-0.119605824,0.23947644,-0.41611886,0.035730243,-0.119624585
325,1.0222966981132076,0.33729887,-0.45213807,0.035980463,-0.15088299,0.33735275,-0.45209032,0.035803795,-0.15100086
326,1.0254422264150944,0.27057207,-0.4306078,0.06415069,-0.17431726,0.27053785,-0.43062365,0.06388998,-0.17432638
327,1.0285877547169813,0.18659759,-0.5104528,0.06867695,-0.1735449,0.18684006,-0.5104538,0.0684067,-0.17357513
328,1.031733283018868,0.13925421,-0.56439376,0.05622983,-0.18551113,0.13925731,-0.5643723,0.055877447,-0.18552478
329,1.0348788113207548,0.15136552,-0.54570603,0.056496263,-0.19458535,0.15141678,-0.5456882,0.05618751,-0.19457892
330,1.0380243396226416,0.1260171,-0.6241794,0.041284323,-0.19208372,0.12615824,-0.6240496,0.040976763,-0.19210765
331,1.0411698679245283,0.12481928,-0.63340163,0.06566274,-0.16760083,0.12481165,-0.6331151,0.06532633,-0.16751769
332,1.0443153962264151,0.08668411,-0.6563416,0.057963967,-0.18479829,0.08663881,-0.6562808,0.057637095,-0.18476486
333,1.047460924528302,0.12504983,-0.6768238,0.055483103,-0.19753589,0.12508667,-0.6766774,0.055216312,-0.19748597
334,1.0506064528301888,0.12380624,-0.7073042,0.060581088,-0.20106089,0.12394047,-0.7072875,0.060245275,-0.20100012
335,1.0537519811320755,0.12274492,-0.6984537,0.07405841,-0.20165607,0.1227361,-0.69836825,0.07359612,-0.20162179
336,1.0568975094339623,0.14492595,-0.73311055,0.057098985,-0.20434065,0.14485693,-0.7331223,0.056627035,-0.20426528
337,1.0600430377358492,0.1449585,-0.7705718,0.031517267,-0.20673719,0.1450125,-0.7705357,0.031280994,-0.20663339
338,1.0631885660377358,0.16273284,-0.7631591,0.029714942,-0.20870928,0.16260958,-0.7629656,0.02947545,-0.20861155
339,1.0663340943396227,0.13507628,-0.72850376,0.044180036,-0.23363324,0.13473678,-0.7281745,0.04393649,-0.23350152
340,1.0694796226415095,0.0939796,-0.75284046,0.05919981,-0.22027369,0.093761206,-0.7525688,0.058752775,-0.2202207
341,1.0726251509433962,0.12315512,-0.7632345,0.0526371,-0.22152491,0.12284398,-0.76303154,0.052181125,-0.22150527
342,1.075770679245283,0.12752986,-0.7721126,0.06030011,-0.22423084,0.12716913,-0.7720277,0.059904575,-0.22412921
343,1.0789162075471699,0.13592076,-0.8091114,0.091332555,-0.19480188,0.1355555,-0.8089323,0.090865135,-0.194771
344,1.0820617358490567,0.12664342,-0.85259557,0.07568121,-0.17842549,0.12662423,-0.85225564,0.07527959,-0.17837262
345,1.0852072641509434,0.21915877,-0.8840214,0.06828761,-0.1787299,0.2191037,-0.88368696,0.06792474,-0.17866926
346,1.0883527924528302,0.1754061,-0.834713,0.05605364,-0.18706469,0.17518353,-0.8343672,0.05567372,-0.18700758
347,1.091498320754717,0.19208586,-0.86005086,0.09463537,-0.19390352,0.19193399,-0.85968596,0.094260216,-0.19379824
348,1.0946438490566037,0.21284258,-0.8715723,0.12078154,-0.18661879,0.21262288,-0.871459,0.12029719,-0.18660991
349,1.0977893773584906,0.2356695,-0.8951847,0.14740682,-0.19282976,0.23544681,-0.8950625,0.14695549,-0.19278859
350,1.1009349056603774,0.23847008,-0.880992,0.13292861,-0.21371691,0.23822773,-0.88086027,0.13244736,-0.21369691
351,1.1040804339622643,0.22620761,-0.8565044,0.124440074,-0.22663572,0.22599208,-0.85635763,0.12397063,-0.22663142
352,1.107225962264151,0.23990333,-0.8471036,0.11440992,-0.21872573,0.2396394,-0.8468774,0.11388087,-0.21867484
353,1.1103714905660378,0.21912313,-0.8528356,0.10344303,-0.20673619,0.21876335,-0.8525904,0.10289168,-0.2066885
354,1.1135170188679246,0.21039307,-0.9056171,0.09117806,-0.21102779,0.21007228,-0.9053305,0.09058678,-0.21096389
355,1.1166625471698113,0.24173498,-0.9282209,0.111287,-0.20229715,0.2415154,-0.9278794,0.11071038,-0.20222063
356,1.1198080754716981,0.22257996,-0.9205908,0.10438967,-0.20194328,0.22239602,-0.920319,0.10384035,-0.20190887
357,1.122953603773585,0.21832108,-0.8973404,0.092348814,-0.20425372,0.21816194,-0.897001,0.09178841,-0.20424329
358,1.1260991320754719,0.23172164,-0.9092837,0.088885546,-0.2095657,0.23143625,-0.90894693,0.08836067,-0.20952697
359,1.1292446603773585,0.24536681,-0.9382305,0.10663009,-0.2057765,0.24496818,-0.9379266,0.106107116,-0.20571487
360,1.1323901886792453,0.22786105,-0.93025273,0.10380149,-0.21052852,0.22744656,-0.93009907,0.103289604,-0.2104636
361,1.1355357169811322,0.20929587,-0.9227811,0.12762749,-0.19292499,0.20898342,-0.9226398,0.12707806,-0.19286476
362,1.1386812452830188,0.15626979,-0.8665574,0.11832452,-0.18074073,0.15631235,-0.8664284,0.11797118,-0.18066275
363,1.1418267735849057,0.17234826,-0.8535882,0.1289649,-0.17648064,0.17227566,-0.8533896,0.12859225,-0.1764088
364,1.1449723018867926,0.21395397,-0.838635,0.13792121,-0.1737616,0.21360052,-0.83845043,0.13735282,-0.1737133
365,1.1481178301886792,0.18708777,-0.799412,0.13904452,-0.16970064,0.18674397,-0.7993135,0.13857281,-0.16965441
366,1.151263358490566,0.15706575,-0.7734516,0.14099514,-0.17162314,0.15678596,-0.77332145,0.1405369,-0.17157099
367,1.154408886792453,0.14423668,-0.77087146,0.13837242,-0.1867151,0.1440891,-0.7707674,0.13801146,-0.18664826
368,1.1575544150943398,0.16634893,-0.7931526,0.12480247,-0.19757311,0.16617441,-0.79301685,0.124415755,-0.19753706
369,1.1606999433962264,0.12703729,-0.7489808,0.10605574,-0.2050833,0.12681746,-0.7488654,0.10572553,-0.20507856
370,1.1638454716981133,0.08587766,-0.72579867,0.102809906,-0.2123468,0.08586025,-0.72566336,0.102515936,-0.2123535
371,1.1669910000000001,0.07581282,-0.6783343,0.075122476,-0.21351947,0.075715184,-0.6781187,0.0747484,-0.21353291
372,1.1701365283018867,0.1088686,-0.6452749,0.051349998,-0.21679059,0.10874879,-0.6451398,0.050986767,-0.21680737
373,1.1732820566037736,0.11978459,-0.5753965,0.012138009,-0.20990092,0.11972976,-0.5752296,0.011749148,-0.20990424
374,1.1764275849056605,0.07411492,-0.55872595,0.015626073,-0.21661961,0.07420516,-0.5585411,0.015270948,-0.21669494
375,1.1795731132075473,0.094561934,-0.57281166,0.009959698,-0.22602914,0.09440637,-0.5726859,0.009632826,-0.2260103
376,1.182718641509434,0.13376069,-0.58694404,-0.0007151365,-0.22807024,0.13358557,-0.58683354,-0.0011107922,-0.22802489
377,1.1858641698113208,0.16597879,-0.6144751,-0.004360795,-0.2291915,0.16582525,-0.6143847,-0.0047212243,-0.22919321
378,1.1890096981132077,0.2292968,-0.6093261,-0.051217556,-0.20850481,0.22905016,-0.609099,-0.05166477,-0.20841505
379,1.1921552264150943,0.20859253,-0.6371398,-0.07925153,-0.18769263,0.20832944,-0.63711333,-0.079621196,-0.18756826
380,1.1953007547169812,0.18739843,-0.5801336,-0.10044503,-0.16972591,0.18725085,-0.57982093,-0.10085684,-0.16954765
381,1.198446283018868,0.13389075,-0.54152715,-0.09051013,-0.16334549,0.13380694,-0.54096955,-0.09100813,-0.16321884
382,1.2015918113207549,0.0804379,-0.5519755,-0.029726505,-0.16958433,0.08021331,-0.5517788,-0.030199409,-0.16955607
383,1.2047373396226415,0.10191071,-0.47541332,-0.061355412,-0.17696372,0.10186124,-0.47518218,-0.061697006,-0.17698498
384,1.2078828679245284,0.13302433,-0.45272446,-0.023760676,-0.19347662,0.13304627,-0.452532,-0.024090528,-0.19352435
385,1.2110283962264152,0.1194917,-0.5110062,-0.05629319,-0.1909416,0.11934364,-0.5108299,-0.05656159,-0.19092615
386,1.2141739245283019,0.09928584,-0.5190315,-0.07049739,-0.20890172,0.09937549,-0.5188547,-0.070806384,-0.20892106
387,1.2173194528301887,0.1225245,-0.5420457,-0.08671349,-0.21909927,0.12261069,-0.5418364,-0.087013125,-0.21918507
388,1.2204649811320756,0.15291142,-0.4763043,-0.10023916,-0.21102281,0.15312862,-0.47592932,-0.10053605,-0.21104883
389,1.2236105094339622,0.23792338,-0.4575354,-0.10497111,-0.1959171,0.23794413,-0.4572177,-0.10531974,-0.19588998
390,1.226756037735849,0.34176934,-0.41530192,-0.04842776,-0.19628093,0.34151375,-0.4152617,-0.048758984,-0.19632506
391,1.229901566037736,0.36028326,-0.42361492,-0.026168168,-0.18184255,0.36009717,-0.4236914,-0.02632314,-0.18184987
392,1.2330470943396228,0.36338854,-0.4792918,-0.0040276647,-0.17112313,0.36326766,-0.47920394,-0.0041612983,-0.17120436
393,1.2361926226415094,0.33660316,-0.48311615,0.036173105,-0.16225296,0.3365035,-0.48321736,0.036067486,-0.16240944
394,1.2393381509433963,0.3291707,-0.5003524,0.02374494,-0.14768729,0.32917976,-0.5005,0.02369225,-0.14778695
395,1.2424836792452831,0.29053593,-0.5222343,-0.004543245,-0.15491615,0.29063272,-0.52228665,-0.004601598,-0.15499188
396,1.2456292075471698,0.19701016,-0.5259693,-0.014580965,-0.12576447,0.19716167,-0.52587473,-0.014630258,-0.1258296
397,1.2487747358490566,0.13493907,-0.55847085,-0.027514637,-0.122969,0.13518214,-0.5582941,-0.027595758,-0.12299259
398,1.2519202641509435,0.15265429,-0.5571222,-0.02667272,-0.11586505,0.15299952,-0.5569496,-0.026687264,-0.11590797
399,1.2550657924528303,0.2383635,-0.42154586,-0.059229076,-0.11674285,0.23854816,-0.421479,-0.059263885,-0.11679149
400,1.258211320754717,0.22131598,-0.32603216,-0.07723963,-0.074370995,0.22140121,-0.32580853,-0.077178776,-0.0743767
401,1.2613568490566038,0.21923816,-0.33228981,-0.12138462,-0.04480481,0.21921253,-0.33213186,-0.12137383,-0.044624805
402,1.2645023773584907,0.17354202,-0.3497401,-0.113238156,-0.04905179,0.17364061,-0.34954178,-0.11317849,-0.04903412
403,1.2676479056603773,0.1680491,-0.29737556,-0.14156651,-0.06960401,0.16815877,-0.2971955,-0.14149696,-0.069649816
404,1.2707934339622642,0.21880066,-0.31169486,-0.16893321,0.030709922,0.21881235,-0.31135648,-0.16897357,0.030670077
405,1.273938962264151,0.29005957,-0.24010295,-0.15654242,0.01801905,0.29001045,-0.2398988,-0.15657878,0.018024147
406,1.277084490566038,0.3122754,-0.2278254,-0.10780883,0.097450584,0.3121972,-0.227575,-0.107944906,0.09728506
407,1.2802300188679245,0.30294907,-0.2635311,-0.11217606,0.12771761,0.3027935,-0.26329172,-0.11223209,0.12754321
408,1.2833755471698114,0.27806938,-0.3047065,-0.15509301,0.16679782,0.2779665,-0.30439585,-0.15516305,0.16661674
409,1.2865210754716982,0.29214728,-0.3081051,-0.17907393,0.17241979,0.29192388,-0.30785382,-0.1790992,0.17224416
410,1.2896666037735849,0.3253498,-0.23490536,-0.18304646,0.124831796,0.3252561,-0.23466218,-0.18297124,0.1248897
411,1.2928121320754717,0.29257524,-0.18609321,-0.154248,0.10201892,0.29239142,-0.18587315,-0.15417677,0.10196656
412,1.2959576603773586,0.26766098,-0.14544398,-0.12139195,0.10548848,0.26745367,-0.14526182,-0.12135416,0.10544759
413,1.2991031886792452,0.28234696,-0.09992373,-0.12472153,0.1261042,0.28204894,-0.09968418,-0.12478101,0.12601507
414,1.302248716981132,0.3114823,-0.096580565,-0.112400055,0.1568312,0.31107414,-0.09647924,-0.11250806,0.15670168
415,1.305394245283019,0.3701173,-0.05958414,-0.12498057,0.1898669,0.36984468,-0.05946827,-0.12503159,0.18973851
416,1.3085397735849058,0.38149512,-0.040129006,-0.11858463,0.17959982,0.3813485,-0.040011883,-0.118608594,0.17950931
417,1.3116853018867924,0.42519295,-0.03711623,-0.10779697,0.1771841,0.42523444,-0.03703481,-0.10769004,0.17708683
418,1.3148308301886793,0.4337132,-0.033967435,-0.11039424,0.18178749,0.43380475,-0.033905566,-0.11026341,0.18173501
419,1.3179763584905662,0.4492483,-0.03721404,-0.11193544,0.18670464,0.4494158,-0.03715998,-0.11172843,0.18666413
420,1.3211218867924528,0.4447646,-0.03069359,-0.11111975,0.17829487,0.44508052,-0.030615866,-0.11079973,0.17829213
421,1.3242674150943397,0.37294173,-0.05102378,-0.10943651,0.17008764,0.37329006,-0.051131725,-0.109046996,0.17002645
422,1.3274129433962265,0.39379478,-0.048581243,-0.117191315,0.18354976,0.39422774,-0.048612297,-0.11681384,0.18348625
423,1.3305584716981134,0.42974162,-0.06297648,-0.10764176,0.18661949,0.43017745,-0.06295848,-0.10729605,0.18651861
424,1.333704,0.3954203,-0.082689166,-0.08399063,0.190112,0.39576268,-0.08266264,-0.08374691,0.19004804
425,1.3368495283018869,0.39450312,-0.08710939,-0.07736117,0.17329174,0.3948952,-0.08710146,-0.077082396,0.17323044
426,1.3399950566037737,0.39690304,-0.088970006,-0.07373077,0.16396236,0.39724088,-0.08894038,-0.07342017,0.16397291
427,1.3431405849056604,0.38598192,-0.096749485,-0.06502432,0.14969575,0.3862871,-0.09672111,-0.064745784,0.1496171
428,1.3462861132075472,0.37960124,-0.098998904,-0.08784467,0.13470292,0.37986517,-0.098885655,-0.087608516,0.13462615
429,1.349431641509434,0.36102426,-0.11327958,-0.093496084,0.14453548,0.361279,-0.11317748,-0.0932982,0.1444681
430,1.352577169811321,0.34112978,-0.11605728,-0.10105646,0.14802271,0.34133697,-0.115929365,-0.10087496,0.147946
431,1.3557226981132076,0.32397032,-0.10746914,-0.11593443,0.13410735,0.3241347,-0.107269764,-0.11570996,0.13407287
432,1.3588682264150944,0.30020094,-0.112775326,-0.11111784,0.12794507,0.3003322,-0.11264527,-0.110937715,0.12787858
433,1.3620137547169813,0.30949152,-0.10813576,-0.104317784,0.13299605,0.30964196,-0.10795784,-0.10409701,0.13295245
434,1.365159283018868,0.3652761,-0.121053636,-0.085942864,0.13724184,0.36544967,-0.12094295,-0.08575165,0.13720953
435,1.3683048113207548,0.36511993,-0.123858035,-0.07844782,0.13586545,0.36530244,-0.123823285,-0.07819384,0.13577336
436,1.3714503396226416,0.36626172,-0.1369558,-0.0686245,0.13859665,0.36637068,-0.1369245,-0.06835556,0.13850337
437,1.3745958679245283,0.36568654,-0.14962077,-0.058348954,0.13027716,0.36585653,-0.14960897,-0.058051944,0.1301871
438,1.3777413962264151,0.36400986,-0.14079577,-0.06841487,0.13390389,0.36422145,-0.14080638,-0.06812972,0.13384008
439,1.380886924528302,0.38700998,-0.1275649,-0.076829255,0.13866198,0.38719463,-0.12747645,-0.076571524,0.13856632
440,1.3840324528301888,0.37578225,-0.11226183,-0.06573737,0.13766423,0.37612247,-0.11224455,-0.06547701,0.13757908
441,1.3871779811320755,0.36364353,-0.09838879,-0.07931292,0.1541096,0.36398244,-0.09831154,-0.07902229,0.15403977
442,1.3903235094339623,0.3315003,-0.09472048,-0.0766747,0.16821706,0.33182156,-0.09463179,-0.07638693,0.16813648
443,1.3934690377358492,0.35458183,-0.094014585,-0.06685442,0.16419846,0.35493267,-0.09396911,-0.0666244,0.16412276
444,1.3966145660377358,0.35894227,-0.094142616,-0.08005649,0.17808306,0.35927987,-0.09408796,-0.07975972,0.17802244
445,1.3997600943396227,0.37718797,-0.0916962,-0.10106802,0.1907283,0.37756824,-0.09161693,-0.1007517,0.19064379
446,1.4029056226415095,0.38450122,-0.09141475,-0.10820329,0.19374096,0.3849132,-0.09135473,-0.1078971,0.19362348
447,1.4060511509433964,0.36563683,-0.09466064,-0.105237484,0.18897569,0.36595905,-0.09458518,-0.10495126,0.18892711
448,1.409196679245283,0.36640894,-0.09885341,-0.085938215,0.1748805,0.36666155,-0.09880614,-0.085654676,0.17483199
449,1.4123422075471699,0.3460424,-0.10327536,-0.06561023,0.16152442,0.34628963,-0.103292644,-0.06531048,0.16144842
450,1.4154877358490567,0.3198594,-0.087459624,-0.08855772,0.14891618,0.32000875,-0.087429106,-0.0882892,0.14890009
451,1.4186332641509434,0.28977203,-0.08298111,-0.12787032,0.14067832,0.29009247,-0.08293337,-0.1275729,0.14062679
452,1.4217787924528302,0.2534765,-0.075486004,-0.13637233,0.13176787,0.25374913,-0.07548684,-0.13613403,0.1316678
453,1.424924320754717,0.26251018,-0.09151697,-0.14184558,0.13186884,0.26276863,-0.09152305,-0.14165151,0.131811
454,1.428069849056604,0.2771188,-0.108926356,-0.15949291,0.13959754,0.27738607,-0.10887295,-0.15929729,0.13954741
455,1.4312153773584906,0.28207672,-0.123308,-0.16357267,0.13564843,0.2823696,-0.123303115,-0.16336948,0.13559222
456,1.4343609056603774,0.27430058,-0.13026965,-0.17679584,0.13465235,0.27449763,-0.13028586,-0.1765917,0.13461462
457,1.4375064339622643,0.27259696,-0.12757778,-0.18233132,0.13199842,0.2727852,-0.1275518,-0.18218946,0.13195759
458,1.440651962264151,0.25622392,-0.12284595,-0.17800367,0.12850332,0.25643706,-0.12283337,-0.1778959,0.1284647
459,1.4437974905660378,0.25221682,-0.12391484,-0.1693629,0.13178751,0.25243068,-0.12389469,-0.16924483,0.1317681
460,1.4469430188679246,0.2620623,-0.11005807,-0.13495755,0.12837023,0.26245093,-0.11014485,-0.13475025,0.1283066
461,1.4500885471698113,0.31278276,-0.10300279,-0.112638,0.12846258,0.31309628,-0.103013396,-0.1123693,0.12842041
462,1.4532340754716981,0.3508916,-0.12914062,-0.065626144,0.121861845,0.35105467,-0.12914276,-0.065422,0.12177408
463,1.456379603773585,0.387228,-0.115573704,-0.075425625,0.10671908,0.3875165,-0.115529835,-0.07512975,0.106630296
464,1.4595251320754719,0.39919794,-0.11481261,-0.10437447,0.112294614,0.39961386,-0.114834666,-0.10411805,0.112253934
465,1.4626706603773585,0.31259346,-0.12706631,-0.12255162,0.13559067,0.31298327,-0.12705904,-0.122316,0.13556272
466,1.4658161886792453,0.32112753,-0.09948981,-0.17566246,0.118588,0.32155037,-0.09949231,-0.17542952,0.118438244
467,1.4689617169811322,0.27389932,-0.03479129,-0.22928184,0.14248675,0.27411437,-0.034791946,-0.22906369,0.14231718
468,1.4721072452830188,0.14664543,-0.0017884374,-0.2235061,0.103805065,0.14671862,-0.0016970038,-0.22341752,0.10368219
469,1.4752527735849057,0.07691419,0.0019469261,-0.20321852,0.13078493,0.07683015,0.0021486282,-0.2032175,0.13061762
470,1.4783983018867926,0.06374323,0.013517261,-0.2247423,0.1404556,0.06346977,0.013848066,-0.22486323,0.14014703
471,1.4815438301886794,0.035768867,0.02295041,-0.22835624,0.1852358,0.035243392,0.023216963,-0.22858346,0.18493584
472,1.484689358490566,0.00665009,0.06863737,-0.26636642,0.21610177,0.006087661,0.068927765,-0.2665596,0.21581346
473,1.487834886792453,0.0056741238,0.034989357,-0.2762918,0.22098029,0.0048063993,0.035366535,-0.27662724,0.22079653
474,1.4909804150943398,0.005489826,0.05486214,-0.27135885,0.20168865,0.0046316385,0.055431724,-0.27184272,0.20143664
475,1.4941259433962264,-0.020898998,0.05600512,-0.2658993,0.15867895,-0.02187413,0.056709886,-0.26630843,0.15863657
476,1.4972714716981133,0.039778113,0.061608434,-0.2662968,0.11874375,0.038556576,0.06210816,-0.26673198,0.118733495
477,1.5004170000000001,-0.0070803165,0.04878235,-0.2825219,0.12906718,-0.008245468,0.049563766,-0.28268796,0.12928593
478,1.503562528301887,0.0433985,0.053883195,-0.28098005,0.11198121,0.04247284,0.054395318,-0.28120136,0.112001
479,1.5067080566037736,0.035804033,0.0806247,-0.30084932,0.10279459,0.034689784,0.0811398,-0.30113614,0.10279328
480,1.5098535849056605,-0.026457846,0.075760365,-0.3271222,0.14150697,-0.027430475,0.07624066,-0.32734615,0.14153561
481,1.5129991132075473,-0.025556207,0.12026501,-0.36809504,0.16548711,-0.026582003,0.12079215,-0.36836505,0.16561422
482,1.516144641509434,-0.0020828843,0.095755816,-0.3957696,0.15061,-0.0031668544,0.0961498,-0.39609027,0.15080202
483,1.5192901698113208,0.025076985,0.101596355,-0.38631868,0.13486093,0.023833752,0.10199678,-0.38680857,0.13514361
484,1.5224356981132077,-0.2625227,0.03330481,-0.38615805,0.21216923,-0.2640732,0.034069777,-0.38672823,0.21264315
485,1.5255812264150943,-0.41109478,-0.080194294,-0.3508436,0.30004883,-0.4130491,-0.07945073,-0.35148364,0.3
486,1.5287267547169812,-0.412745,-0.073732734,-0.34908265,0.30004883,-0.41423917,-0.07304883,-0.34979677,0.3
487,1.531872283018868,-0.5696626,-0.12478191,-0.28929746,0.30004883,-0.57078904,-0.12435353,-0.28989744,0.3
488,1.5350178113207549,-0.8735239,-0.16110063,-0.21493924,0.30004883,-0.87384355,-0.16079092,-0.21540797,0.3
489,1.5381633396226415,-0.9472759,-0.21231067,-0.16586995,0.30004883,-0.9472298,-0.21204823,-0.16626275,0.3
490,1.5413088679245284,-0.8624757,-0.14300674,-0.16751027,0.30004883,-0.8626027,-0.14265299,-0.16787165,0.3
491,1.5444543962264152,-0.82469475,-0.18885541,-0.20534837,0.30004883,-0.8247129,-0.18852818,-0.2057383,0.3
492,1.5475999245283019,-0.820661,-0.22169197,-0.19027787,0.30004883,-0.82065785,-0.22140503,-0.19052446,0.3
493,1.5507454528301887,-0.8190076,-0.22887826,-0.18766606,0.30004883,-0.8190949,-0.2284736,-0.18797147,0.3
494,1.5538909811320756,-0.82567126,-0.23654544,-0.19517875,0.30004883,-0.82578886,-0.2362138,-0.19545388,0.3
495,1.5570365094339624,-0.8224783,-0.24220228,-0.19875401,0.30004883,-0.8226334,-0.24187791,-0.19913667,0.3
496,1.560182037735849,-0.794204,-0.25168037,-0.19075048,0.30004883,-0.7942982,-0.25133824,-0.19115692,0.3
497,1.563327566037736,-0.79173464,-0.2520268,-0.19130635,0.30004883,-0.79181117,-0.25168252,-0.19171757,0.3
498,1.5664730943396228,-0.8144351,-0.24486268,-0.20026553,0.30004883,-0.8145735,-0.24450827,-0.20067751,0.3
499,1.5696186226415094,-0.81121767,-0.24468708,-0.20179868,0.30004883,-0.8113405,-0.2443378,-0.20221204,0.3
500,1.5727641509433963,-0.7545114,-0.27133334,-0.18447113,0.30004883,-0.754627,-0.2710464,-0.18489367,0.3
501,1.5759096792452831,-0.7712607,-0.26261318,-0.19130647,0.30004883,-0.771396,-0.2622689,-0.19172537,0.3
502,1.57905520754717,-0.79036695,-0.2569554,-0.20145655,0.30004883,-0.7904929,-0.2566867,-0.20184875,0.3
503,1.5822007358490566,-0.78314465,-0.26286697,-0.19719386,0.30004883,-0.78322935,-0.26260835,-0.1975832,0.3
504,1.5853462641509435,-0.7744977,-0.26872993,-0.18849838,0.30004883,-0.77461016,-0.26846272,-0.18892705,0.3
505,1.5884917924528303,-0.7835443,-0.2599753,-0.19565547,0.30004883,-0.7836715,-0.25969136,-0.19607472,0.3
506,1.591637320754717,-0.7871225,-0.2617116,-0.19754255,0.30004883,-0.7872701,-0.2614435,-0.19795573,0.3
507,1.5947828490566038,-0.76618385,-0.27467048,-0.18434191,0.30004883,-0.7663071,-0.27438414,-0.18466455,0.3
508,1.5979283773584907,-0.763681,-0.2761085,-0.18353224,0.30004883,-0.76380676,-0.27581704,-0.18384552,0.3
509,1.6010739056603773,-0.7844337,-0.2669255,-0.19496423,0.30004883,-0.78458005,-0.2666614,-0.19535434,0.3
510,1.6042194339622642,-0.7641597,-0.28584886,-0.19224167,0.30004883,-0.76427186,-0.28564668,-0.19258726,0.3
511,1.607364962264151,-0.7430929,-0.29261398,-0.17858332,0.30004883,-0.74328476,-0.29231822,-0.17888367,0.3
512,1.610510490566038,-0.74342614,-0.29302692,-0.17855233,0.30004883,-0.7436258,-0.29272413,-0.17885834,0.3
513,1.6136560188679245,-0.7605191,-0.28314257,-0.18972105,0.30004883,-0.76066506,-0.28287148,-0.19007134,0.3
514,1.6168015471698114,-0.7563191,-0.28437918,-0.18846595,0.30004883,-0.7564517,-0.28411746,-0.18881887,0.3
515,1.6199470754716983,-0.74308014,-0.29080462,-0.18041706,0.30004883,-0.74324733,-0.29051703,-0.18077844,0.3
516,1.6230926037735849,-0.74605006,-0.29109758,-0.18109965,0.30004883,-0.7461947,-0.29080725,-0.18148768,0.3
517,1.6262381320754717,-0.75738394,-0.28556502,-0.1903261,0.30004883,-0.7574965,-0.28530252,-0.19067788,0.3
518,1.6293836603773586,-0.7441832,-0.2925216,-0.18329006,0.30004883,-0.7443385,-0.29224926,-0.18365341,0.3
519,1.6325291886792455,-0.73538375,-0.29582655,-0.17799562,0.30004883,-0.7355649,-0.29553032,-0.17837727,0.3
520,1.635674716981132,-0.7048202,-0.301786,-0.18934655,0.30004883,-0.7050483,-0.3015309,-0.18966037,0.3
521,1.638820245283019,-0.705253,-0.30195314,-0.18924493,0.30004883,-0.7054975,-0.3017217,-0.18953341,0.3
522,1.6419657735849058,-0.68045384,-0.31035388,-0.17522717,0.30004883,-0.68065643,-0.31008512,-0.17554325,0.3
523,1.6451113018867924,-0.67903996,-0.31060147,-0.17556906,0.30004883,-0.67926675,-0.3103224,-0.17588496,0.3
524,1.6482568301886793,-0.7017839,-0.30308163,-0.1870243,0.30004883,-0.7019554,-0.3028189,-0.18730915,0.3
525,1.6514023584905662,-0.7020449,-0.30261743,-0.18703723,0.30004883,-0.7022493,-0.302355,-0.18732488,0.3
526,1.6545478867924528,-0.6834151,-0.31009156,-0.17643541,0.30004883,-0.6835834,-0.30975735,-0.17680776,0.3
527,1.6576934150943397,-0.68735135,-0.30825007,-0.17753136,0.30004883,-0.687528,-0.30792528,-0.17790544,0.3
528,1.6608389433962265,-0.7053134,-0.3026203,-0.18766469,0.30004883,-0.7055232,-0.30234873,-0.18798786,0.3
529,1.6639844716981134,-0.6999268,-0.30426174,-0.18523943,0.30004883,-0.7001257,-0.30396044,-0.18556774,0.3
