frame,t_s,tfl_c,tfl_roll_sp,tfl_pitch_sp,tfl_yaw_sp,pt_c,pt_roll_sp,pt_pitch_sp,pt_yaw_sp
0,0.0,9.030815,0.09325495,0.008786529,-1.4713235,9.02858,0.09316984,0.008791804,-1.4717811
1,0.0031455283018867928,9.044809,0.090889186,0.0062760115,-1.4703579,9.042852,0.0908038,0.00627926,-1.4708065
2,0.0062910566037735855,8.995208,0.089759886,0.004561305,-1.4673083,8.993378,0.0896841,0.004591942,-1.4677619
3,0.009436584905660378,9.063146,0.08419666,0.012491018,-1.4744711,9.061234,0.08416751,0.012496144,-1.474934
4,0.012582113207547171,8.805004,0.10520774,0.030753165,-1.4760315,8.802596,0.105122656,0.030751139,-1.4765149
5,0.015727641509433964,8.9616785,0.10079804,0.031739473,-1.480751,8.959733,0.10070607,0.03173095,-1.481224
6,0.018873169811320756,9.04604,0.09649661,0.02843818,-1.4826071,9.043963,0.09639123,0.028430074,-1.4830958
7,0.022018698113207547,9.057543,0.095605254,0.029080689,-1.4836743,9.0555,0.095492125,0.029066384,-1.4841493
8,0.025164226415094342,9.0616455,0.096260756,0.027291209,-1.4836414,9.059445,0.09616518,0.027282,-1.4841102
9,0.028309754716981134,9.141719,0.09465653,0.026189595,-1.4859324,9.139809,0.09455973,0.026186407,-1.4864041
10,0.03145528301886793,9.072312,0.09312332,0.03043297,-1.4846632,9.070277,0.093020886,0.03041774,-1.4851345
11,0.03460081132075472,8.910086,0.09842208,0.0317232,-1.4810648,8.907989,0.09833345,0.03172946,-1.4815267
12,0.03774633962264151,8.808599,0.09825274,0.031211376,-1.4798307,8.806608,0.09815696,0.031209916,-1.4802815
13,0.040891867924528306,8.775242,0.097278744,0.032572657,-1.4799714,8.772929,0.09718028,0.032578975,-1.4804214
14,0.044037396226415094,8.687747,0.10040498,0.036800057,-1.4789164,8.685395,0.1003117,0.036801875,-1.4793633
15,0.04718292452830189,8.558615,0.09700614,0.034804553,-1.4767737,8.556344,0.096912414,0.03481236,-1.4772083
16,0.050328452830188684,8.185361,0.111435086,0.032552898,-1.464664,8.181842,0.111387104,0.032564163,-1.4651049
17,0.05347398113207547,7.6298857,0.14193225,0.024557501,-1.4535036,7.626816,0.1418471,0.024539858,-1.4539291
18,0.05661950943396227,7.967748,0.14668125,0.014021397,-1.4435263,7.9640226,0.14665022,0.014009684,-1.4439384
19,0.05976503773584906,8.110576,0.14199671,0.016993403,-1.4420047,8.107661,0.14195171,0.016982913,-1.4424316
20,0.06291056603773586,7.616097,0.15229821,0.026880533,-1.4448688,7.6124067,0.15222576,0.026862621,-1.4452876
21,0.06605609433962265,7.797537,0.14386344,0.032940656,-1.4484658,7.7946405,0.14378706,0.032932073,-1.4488896
22,0.06920162264150943,7.4212685,0.099528104,0.042249024,-1.4619136,7.4180355,0.09947193,0.042238176,-1.4623369
23,0.07234715094339624,7.942922,0.08793157,0.046749443,-1.4890072,7.939328,0.087869376,0.046726674,-1.4894334
24,0.07549267924528302,8.207514,0.056658983,0.05613473,-1.5046854,8.2027855,0.05659145,0.056144267,-1.5051311
25,0.07863820754716981,8.1921015,0.043243468,0.052731037,-1.5206511,8.18652,0.043196052,0.05276805,-1.5210963
26,0.08178373584905661,8.826482,0.041663647,0.042954564,-1.5352206,8.821749,0.0416359,0.04297459,-1.5356647
27,0.0849292641509434,9.214972,0.040550172,0.03699228,-1.5404708,9.210207,0.040559143,0.03698072,-1.5409089
28,0.08807479245283019,9.489353,0.037947327,0.032832503,-1.5423107,9.485842,0.037935346,0.032824606,-1.5427469
29,0.09122032075471699,9.446437,0.034724474,0.03209412,-1.5386052,9.442982,0.034707755,0.03210509,-1.5390431
30,0.09436584905660378,9.3631935,0.032439977,0.0333021,-1.5377905,9.359525,0.032438904,0.033302397,-1.5382205
31,0.09751137735849057,9.3278475,0.037026256,0.037747324,-1.5379827,9.323526,0.037015736,0.037739843,-1.5384272
32,0.10065690566037737,9.479433,0.043471366,0.029318333,-1.5436876,9.476149,0.04344231,0.029334158,-1.5441319
33,0.10380243396226416,9.755245,0.028316736,0.024797738,-1.5614853,9.752058,0.028284103,0.024817437,-1.5619334
34,0.10694796226415094,10.001224,0.014382064,0.027661234,-1.565474,9.997157,0.014404178,0.027682275,-1.5659262
35,0.11009349056603775,10.064898,0.011495441,0.023367643,-1.5746541,10.061472,0.011510849,0.023395658,-1.5751258
36,0.11323901886792453,9.866512,0.013144106,0.035479516,-1.5634863,9.863302,0.013143986,0.03552288,-1.5639764
37,0.11638454716981132,10.10517,0.00824368,0.0400877,-1.5645573,10.102568,0.008224279,0.04012966,-1.5650662
38,0.11953007547169812,10.189761,0.010027498,0.041240126,-1.5648205,10.187331,0.010025561,0.04130885,-1.5653247
39,0.12267560377358491,9.936129,0.022177875,0.036347926,-1.5644538,9.934654,0.022048146,0.036413968,-1.5649811
40,0.12582113207547171,10.098728,0.011454999,0.037664503,-1.5693367,10.0965,0.011392057,0.037725896,-1.5698467
41,0.1289666603773585,10.401516,0.0031416714,0.038606405,-1.5679743,10.39955,0.0031115413,0.038677335,-1.568499
42,0.1321121886792453,10.112536,0.013519049,0.028671145,-1.5737085,10.109796,0.013512373,0.02872619,-1.574222
43,0.1352577169811321,9.953561,0.011319816,0.023848444,-1.5747073,9.950968,0.011279672,0.023921669,-1.5752057
44,0.13840324528301887,9.910138,0.012366235,0.026578188,-1.5751765,9.907546,0.012340009,0.026645154,-1.5756725
45,0.14154877358490567,9.919933,0.010421127,0.027438492,-1.5744224,9.917389,0.010402888,0.02750665,-1.5749191
46,0.14469430188679247,9.947036,0.009504378,0.024601072,-1.574837,9.944617,0.0094772875,0.024666935,-1.5753566
47,0.14783983018867924,9.968665,0.012720376,0.030232131,-1.5728655,9.9665365,0.012654841,0.03028974,-1.5733453
48,0.15098535849056605,9.960395,0.0145974755,0.026124328,-1.5727022,9.958215,0.014549613,0.026189685,-1.5731908
49,0.15413088679245285,9.9406185,0.010323495,0.02199313,-1.5730224,9.937913,0.0103003085,0.02208358,-1.5735103
50,0.15727641509433962,9.974602,0.0046640635,0.018076926,-1.5737519,9.971656,0.0046691,0.018158585,-1.574251
51,0.16042194339622642,9.951135,0.0061243474,0.020558149,-1.5730376,9.948145,0.006118804,0.020633489,-1.5735334
52,0.16356747169811323,9.832851,0.01643604,0.03043899,-1.5709755,9.831025,0.01635629,0.0305188,-1.5714854
53,0.166713,10.03922,0.013060868,0.037724018,-1.5592928,10.036518,0.01305899,0.037776917,-1.5597984
54,0.1698585283018868,9.701453,0.025723308,0.037141204,-1.5469375,9.700312,0.025630116,0.03715548,-1.5474681
55,0.1730040566037736,9.431439,0.030780911,0.039610863,-1.5322223,9.430718,0.030692816,0.039633393,-1.5327312
56,0.17614958490566038,9.359582,0.043298334,0.050006807,-1.5239096,9.359406,0.043165505,0.050026864,-1.5243934
57,0.17929511320754718,9.425192,0.050638586,0.048325956,-1.5173085,9.426086,0.050435305,0.04833564,-1.5178407
58,0.18244064150943398,9.38264,0.036310077,0.042639643,-1.5245023,9.383079,0.036135167,0.04265812,-1.5250291
59,0.18558616981132076,9.516087,0.029519737,0.039546132,-1.5325322,9.515585,0.029355079,0.03956768,-1.5330385
60,0.18873169811320756,9.416872,0.03131485,0.04181716,-1.5274248,9.415293,0.031175047,0.041844934,-1.5279027
61,0.19187722641509436,8.95225,0.054725885,0.04677254,-1.5121114,8.952534,0.05459717,0.046756208,-1.5126039
62,0.19502275471698113,8.557515,0.070038974,0.047703147,-1.4943829,8.559122,0.069853425,0.047700614,-1.4948837
63,0.19816828301886794,8.282579,0.07897961,0.049363732,-1.4796977,8.284737,0.078834206,0.049337626,-1.4801809
64,0.20131381132075474,8.304189,0.117494434,0.04334289,-1.4689026,8.305918,0.11730397,0.043329686,-1.4693929
65,0.2044593396226415,8.422737,0.12699908,0.037195355,-1.4639041,8.424895,0.12678137,0.037190944,-1.4644071
66,0.2076048679245283,8.60386,0.11406192,0.030905575,-1.4648099,8.60547,0.113883674,0.030901104,-1.465314
67,0.21075039622641512,9.057222,0.09782693,0.029050589,-1.4681456,9.057033,0.09772584,0.029057592,-1.4686347
68,0.2138959245283019,9.059951,0.10280833,0.034353912,-1.4675767,9.060012,0.10261223,0.034403116,-1.4680957
69,0.2170414528301887,8.887719,0.10844532,0.034956515,-1.472352,8.887408,0.10827124,0.034982294,-1.4728497
70,0.2201869811320755,8.675699,0.10420102,0.03456694,-1.4750636,8.676064,0.10402712,0.034589678,-1.4755634
71,0.22333250943396227,8.776066,0.10274741,0.032798886,-1.4787991,8.776266,0.10262057,0.032793403,-1.4792851
72,0.22647803773584907,8.703537,0.10559332,0.033052355,-1.4785187,8.703766,0.10541853,0.03306243,-1.4790078
73,0.22962356603773587,8.806677,0.10300833,0.034292698,-1.4793639,8.805962,0.10285273,0.034306794,-1.4798764
74,0.23276909433962265,8.7478485,0.10806751,0.032763213,-1.4742231,8.747233,0.107871056,0.03278348,-1.4747344
75,0.23591462264150945,8.769534,0.10316414,0.033481985,-1.4719315,8.769452,0.10297948,0.033497304,-1.472427
76,0.23906015094339625,8.736799,0.098634064,0.03594646,-1.4755347,8.737882,0.098443985,0.035953015,-1.4760019
77,0.24220567924528302,8.70641,0.10148111,0.04127431,-1.4792838,8.708418,0.10129011,0.041252285,-1.4797574
78,0.24535120754716983,8.690063,0.11576557,0.04577005,-1.4764152,8.69179,0.11557189,0.04575017,-1.4769086
79,0.24849673584905663,8.747821,0.11717236,0.045779347,-1.4792709,8.748204,0.11697045,0.045788884,-1.4797598
80,0.25164226415094343,8.720403,0.113657445,0.039852053,-1.4760947,8.720398,0.11347246,0.039867133,-1.4765829
81,0.2547877924528302,8.630785,0.11243984,0.03936678,-1.4731908,8.631739,0.112286836,0.039367765,-1.4736758
82,0.257933320754717,8.5520525,0.11401737,0.03995654,-1.4721823,8.553414,0.1138576,0.039951712,-1.4726609
83,0.2610788490566038,8.714766,0.11733374,0.03338602,-1.4736013,8.715232,0.11714649,0.03343621,-1.4741086
84,0.2642243773584906,8.389935,0.12195644,0.038140714,-1.4696324,8.391664,0.12175384,0.038151234,-1.4701236
85,0.2673699056603774,8.403311,0.10201573,0.04407829,-1.4742274,8.404231,0.1018351,0.044089347,-1.4747084
86,0.2705154339622642,8.379666,0.085867226,0.04651457,-1.4883108,8.380222,0.08570269,0.04654628,-1.4888021
87,0.27366096226415093,8.124467,0.07451227,0.050091624,-1.4992888,8.124635,0.07442173,0.050101846,-1.4997743
88,0.27680649056603773,8.493898,0.06780857,0.04727295,-1.5139787,8.491495,0.0677484,0.04727477,-1.5144407
89,0.27995201886792453,8.738253,0.05202371,0.05112058,-1.5240574,8.735458,0.051977545,0.05111754,-1.5245196
90,0.28309754716981134,9.120538,0.049578816,0.043492883,-1.5345387,9.117148,0.049553603,0.043474197,-1.5349721
91,0.28624307547169814,9.173544,0.045348704,0.037969112,-1.5365982,9.170649,0.04530987,0.03794089,-1.5370413
92,0.28938860377358494,9.084113,0.045265704,0.03271532,-1.5394828,9.081072,0.04523295,0.032708198,-1.5399204
93,0.2925341320754717,8.866177,0.039677203,0.032811224,-1.5518005,8.862305,0.039654166,0.03280735,-1.5522467
94,0.2956796603773585,8.969157,0.019515991,0.028419644,-1.559454,8.963912,0.019550443,0.028420746,-1.5599047
95,0.2988251886792453,9.205522,0.017941356,0.028898776,-1.5657544,9.200385,0.017955631,0.028920174,-1.5662228
96,0.3019707169811321,8.747467,0.006223589,0.030186146,-1.5690212,8.742195,0.0062383413,0.03017655,-1.5694956
97,0.3051162452830189,8.734831,0.0013411343,0.03133273,-1.5676048,8.730931,0.0013347566,0.03133267,-1.5680894
98,0.3082617735849057,8.805588,0.0035150945,0.026636392,-1.573632,8.802398,0.0035263002,0.026652724,-1.5741192
99,0.31140730188679244,9.33272,0.01381892,0.0108428,-1.5838902,9.329725,0.013801396,0.010877311,-1.5843657
100,0.31455283018867924,9.306246,0.027732253,0.014252275,-1.589241,9.302778,0.02769965,0.01429677,-1.5897254
101,0.31769835849056605,9.383444,0.033818424,0.008695543,-1.5914388,9.37945,0.03378439,0.008727431,-1.5919238
102,0.32084388679245285,9.295759,0.030224502,0.001373738,-1.5922375,9.291524,0.03022936,0.0014090538,-1.5927147
103,0.32398941509433965,9.380287,0.030020833,-0.00056535006,-1.5897257,9.376252,0.030016154,-0.00053170323,-1.5902096
104,0.32713494339622645,9.0883875,0.034481943,0.012833148,-1.5870154,9.084334,0.034477293,0.012862146,-1.5874981
105,0.3302804716981132,8.983344,0.03693679,0.018015862,-1.5846848,8.980087,0.03689468,0.018053532,-1.5851747
106,0.333426,9.022285,0.032308698,0.01744923,-1.5828612,9.019325,0.03225857,0.017489374,-1.5833491
107,0.3365715283018868,9.055893,0.02932179,0.016182631,-1.5818837,9.052763,0.029274136,0.01622808,-1.5823754
108,0.3397170566037736,8.913492,0.033415854,0.0154492855,-1.5816283,8.910563,0.03337896,0.015476108,-1.5821265
109,0.3428625849056604,9.206038,0.03601125,0.008125663,-1.5864046,9.202817,0.03597507,0.008168727,-1.5868927
110,0.3460081132075472,9.535439,0.0437465,-0.0035906136,-1.5872846,9.533071,0.043718338,-0.00355345,-1.5877703
111,0.34915364150943395,9.823582,0.04710105,-0.017280728,-1.5864112,9.821085,0.047075182,-0.01721844,-1.5869099
112,0.35229916981132076,9.984024,0.04859969,-0.027490914,-1.5815163,9.9822235,0.04858598,-0.027447551,-1.581988
113,0.35544469811320756,10.125562,0.038722783,-0.024226159,-1.5809507,10.1235285,0.03874433,-0.024184763,-1.5814277
114,0.35859022641509436,9.916811,0.022106737,-0.018776804,-1.5839639,9.915029,0.022145927,-0.01873073,-1.5844263
115,0.36173575471698116,9.811016,0.028227478,-0.0059263706,-1.5864923,9.809267,0.028262436,-0.0059070587,-1.5869573
116,0.36488128301886796,9.515311,0.038258553,-0.0028100312,-1.5875077,9.512836,0.038272917,-0.002791971,-1.5879909
117,0.3680268113207547,9.404823,0.040459424,-0.0004917085,-1.5883071,9.402387,0.04048422,-0.00047954917,-1.5887839
118,0.3711723396226415,9.344953,0.03414607,0.0041078925,-1.5882077,9.3427925,0.034152895,0.0041214824,-1.588679
119,0.3743178679245283,9.264859,0.033856273,0.00077679753,-1.587307,9.263406,0.03387335,0.00078082085,-1.5877713
120,0.3774633962264151,9.223234,0.03566912,0.00036415458,-1.5855987,9.2222185,0.035720915,0.00037530065,-1.5860695
121,0.3806089245283019,9.480333,0.045151293,-0.0037721992,-1.5811672,9.480274,0.045156717,-0.0037667453,-1.5816478
122,0.3837544528301887,9.51938,0.04641059,-0.0054340363,-1.5775888,9.519311,0.046411157,-0.0054278374,-1.5780705
123,0.38689998113207547,9.484287,0.04641643,-0.0044187605,-1.5771511,9.484677,0.046408802,-0.0044113398,-1.5776273
124,0.39004550943396227,9.574245,0.046596587,-0.004285574,-1.5796201,9.574721,0.046572387,-0.0042696,-1.5801083
125,0.39319103773584907,9.556448,0.044492543,-0.004581243,-1.582834,9.556598,0.044498026,-0.0045645237,-1.5833145
126,0.39633656603773587,9.358892,0.041069806,-0.0026293397,-1.5854316,9.358188,0.041083366,-0.002610892,-1.5859135
127,0.3994820943396227,9.134752,0.040122658,-0.0012195408,-1.5862079,9.133814,0.04012689,-0.0011969507,-1.5866901
128,0.4026276226415095,9.142301,0.041570425,-0.001081109,-1.5865273,9.142156,0.04158631,-0.001067698,-1.5870167
129,0.4057731509433962,9.36111,0.04530558,-0.003355682,-1.585681,9.361527,0.045311123,-0.0033529103,-1.5861682
130,0.408918679245283,9.415479,0.043267846,-0.0038514137,-1.5844629,9.415717,0.043237895,-0.003846705,-1.5849458
131,0.4120642075471698,9.560182,0.041690677,-0.0042102635,-1.5849535,9.560499,0.04167074,-0.004213959,-1.5854338
132,0.4152097358490566,9.644333,0.04061258,-0.004562676,-1.5846965,9.6444025,0.04060635,-0.0045668185,-1.5851723
133,0.41835526415094343,9.542835,0.039783686,-0.0053337216,-1.5856535,9.542798,0.039777428,-0.00533697,-1.5861346
134,0.42150079245283023,9.258376,0.04394254,-0.00046941638,-1.5860431,9.259353,0.043905407,-0.0004579425,-1.5865406
135,0.424646320754717,9.28643,0.04385531,0.0015137196,-1.5832665,9.287163,0.043834,0.0015176237,-1.5837697
136,0.4277918490566038,9.120207,0.044435203,0.006287873,-1.5837684,9.120912,0.044391215,0.006298065,-1.5842692
137,0.4309373773584906,9.2128,0.03549871,0.003984034,-1.5843251,9.21425,0.035442203,0.00399369,-1.5848268
138,0.4340829056603774,9.293566,0.037481755,0.0032267272,-1.5834608,9.294496,0.037455022,0.003228575,-1.5839673
139,0.4372284339622642,9.469873,0.038674265,0.0014058053,-1.5816638,9.471231,0.038644105,0.0014090538,-1.5821606
140,0.440373962264151,9.384624,0.04246235,0.0017718971,-1.5817485,9.385346,0.042430192,0.0017574728,-1.5822293
141,0.44351949056603773,9.252789,0.04850477,0.0022336543,-1.5822206,9.253806,0.048469275,0.0022182763,-1.5827004
142,0.44666501886792453,9.24057,0.047652245,0.0026798546,-1.58252,9.241581,0.047616363,0.002667755,-1.5830084
143,0.44981054716981134,9.400535,0.038641393,0.0012924075,-1.5813007,9.401509,0.038613588,0.001280129,-1.5817889
144,0.45295607547169814,9.592136,0.031633794,-0.0020561516,-1.5797315,9.592572,0.031612575,-0.0020627677,-1.5802423
145,0.45610160377358494,9.666891,0.032961786,0.00083091855,-1.5789082,9.667674,0.032932013,0.0008304417,-1.5794164
146,0.45924713207547174,9.686851,0.034305066,0.0006220341,-1.5747302,9.687239,0.034324825,0.0006082058,-1.5752226
147,0.4623926603773585,9.788937,0.032577455,-0.006094694,-1.5732582,9.788725,0.032645434,-0.0060741603,-1.5737249
148,0.4655381886792453,9.779984,0.031832784,-0.012063175,-1.5722845,9.779549,0.031840026,-0.0120405555,-1.5727454
149,0.4686837169811321,9.3277,0.04567921,-0.0060655475,-1.5745828,9.327823,0.0456526,-0.0060268044,-1.5750426
150,0.4718292452830189,9.051704,0.04906863,0.005654663,-1.5790708,9.051139,0.048973143,0.0056861043,-1.579537
151,0.4749747735849057,8.241724,0.04933548,0.011100084,-1.5793598,8.241476,0.04924339,0.011164069,-1.5798706
152,0.4781203018867925,7.9769235,0.05354482,0.01091814,-1.5885904,7.977024,0.053411633,0.010951698,-1.5891036
153,0.48126583018867924,7.9969206,0.054111958,0.014665365,-1.5988314,7.995885,0.053962827,0.014682233,-1.599356
154,0.48441135849056605,7.872626,0.0442248,0.03250295,-1.5949488,7.870735,0.044201255,0.03250256,-1.5954756
155,0.48755688679245285,7.5469713,0.037202835,0.035853744,-1.5968053,7.5480266,0.037207127,0.0358828,-1.5972754
156,0.49070241509433965,7.136506,0.050973237,0.030971259,-1.5874741,7.1366963,0.050993234,0.030985743,-1.587902
157,0.49384794339622645,7.0693445,0.059039265,0.019934714,-1.5725284,7.070168,0.059000492,0.01992479,-1.5729603
158,0.49699347169811325,7.7572126,0.062380522,0.0070690215,-1.5721126,7.756688,0.06233564,0.007098764,-1.5726022
159,0.500139,7.802759,0.05042711,0.0056750476,-1.5551379,7.802147,0.050411552,0.0057370067,-1.5555936
160,0.5032845283018869,8.172907,0.042142242,0.008569211,-1.538965,8.170008,0.042132586,0.008625567,-1.5394078
161,0.5064300566037736,8.241615,0.07486153,0.021605998,-1.5177317,8.237573,0.074848086,0.021645516,-1.518175
162,0.5095755849056604,8.076186,0.0874306,0.027481526,-1.4991434,8.072225,0.08740541,0.027522981,-1.4996012
163,0.5127211132075472,7.5807266,0.08556181,0.043437123,-1.4873419,7.578089,0.08551684,0.043459535,-1.4877955
164,0.515866641509434,8.072333,0.113012195,0.033930272,-1.4727037,8.068347,0.11293504,0.033931464,-1.4731532
165,0.5190121698113208,7.2639384,0.1286732,0.018689811,-1.451144,7.2602367,0.12861857,0.018663645,-1.4515711
166,0.5221576981132076,6.872718,0.13192213,0.006475389,-1.4475529,6.867331,0.13190368,0.006445408,-1.4479371
167,0.5253032264150944,7.0616283,0.14831,0.0099186,-1.4487219,7.055586,0.14828232,0.009884059,-1.449102
168,0.5284487547169812,7.9841704,0.12292075,0.01804319,-1.4628456,7.978882,0.122909516,0.018019736,-1.46325
169,0.5315942830188679,8.784792,0.124672174,4.172325e-06,-1.4704027,8.780444,0.12467545,-9.030104e-06,-1.4708174
170,0.5347398113207548,9.098922,0.13192731,-0.004620582,-1.4785917,9.094621,0.13191527,-0.0046414137,-1.4790131
171,0.5378853396226415,9.443589,0.1440379,-0.0068449676,-1.4811656,9.440083,0.14400494,-0.0068403482,-1.4815925
172,0.5410308679245284,9.558665,0.13793725,-0.00013568997,-1.4975784,9.555253,0.1379123,-0.00014179945,-1.4980115
173,0.5441763962264151,9.382036,0.13430136,0.015170485,-1.5045385,9.378296,0.1342744,0.015174359,-1.504973
174,0.5473219245283019,9.482656,0.11574277,0.027245164,-1.5138383,9.479234,0.11569062,0.02723959,-1.5142795
175,0.5504674528301887,9.484064,0.10638419,0.031859398,-1.5253851,9.47969,0.10635173,0.031867355,-1.5258299
176,0.5536129811320755,10.2803955,0.08317715,0.027779311,-1.5486755,10.276844,0.083156615,0.027759254,-1.5491294
177,0.5567585094339623,10.20702,0.08622134,0.029690027,-1.5660248,10.204104,0.08619198,0.029677719,-1.5664848
178,0.5599040377358491,9.892873,0.11347413,0.023061246,-1.5634072,9.889846,0.113475114,0.023077548,-1.5638741
179,0.5630495660377359,9.950948,0.117705256,0.021484315,-1.5665631,9.948279,0.117712945,0.021523476,-1.5670267
180,0.5661950943396227,9.839214,0.13425219,0.027446687,-1.5594742,9.836624,0.1342654,0.027483195,-1.5599366
181,0.5693406226415094,9.609508,0.14207584,0.030955583,-1.5559602,9.606355,0.14209738,0.030985236,-1.5564357
182,0.5724861509433963,9.6166315,0.14883283,0.036698163,-1.5594487,9.6143465,0.14886323,0.036704093,-1.5599262
183,0.575631679245283,9.84656,0.11477581,0.041293055,-1.5558417,9.84434,0.1147643,0.04131207,-1.5563332
184,0.5787772075471699,9.991376,0.10599795,0.041487038,-1.5546384,9.989021,0.10603738,0.04149583,-1.555138
185,0.5819227358490566,9.853885,0.122498184,0.041576594,-1.5450828,9.851358,0.122561246,0.041610807,-1.5455796
186,0.5850682641509434,9.78407,0.12572181,0.041690946,-1.5271361,9.781678,0.12575048,0.04171121,-1.5276397
187,0.5882137924528302,9.669152,0.1303286,0.041028112,-1.5158746,9.667106,0.13034394,0.04104665,-1.5163888
188,0.591359320754717,9.541461,0.13547593,0.039257437,-1.5143557,9.539609,0.13548777,0.039280295,-1.5148815
189,0.5945048490566038,9.342477,0.14927858,0.03802207,-1.5082462,9.342943,0.1492522,0.038015038,-1.5087634
190,0.5976503773584906,9.166708,0.17051679,0.04303056,-1.5108168,9.166109,0.17051843,0.043016374,-1.5113336
191,0.6007959056603774,8.6116495,0.18925726,0.046269596,-1.5014198,8.611413,0.18925169,0.046279967,-1.5019416
192,0.6039414339622642,7.907772,0.21610785,0.051419318,-1.4890943,7.9100337,0.215987,0.051431626,-1.4895691
193,0.6070869622641509,7.8189793,0.24672908,0.05794087,-1.4699962,7.8212547,0.2466099,0.05793029,-1.4704696
194,0.6102324905660378,7.6774206,0.26936805,0.054674238,-1.4380381,7.678577,0.26928583,0.054675937,-1.4384707
195,0.6133780188679245,8.10132,0.28493047,0.027893513,-1.4231491,8.10116,0.28488985,0.027887136,-1.4235722
196,0.6165235471698114,8.145716,0.28308058,0.027751952,-1.4151771,8.145105,0.28297833,0.02777633,-1.4156343
197,0.6196690754716981,8.2679825,0.26707137,0.035429448,-1.4119468,8.2672825,0.26698962,0.03546393,-1.4124395
198,0.6228146037735849,8.286995,0.2656467,0.033925742,-1.4110377,8.286806,0.2654964,0.03396249,-1.4115273
199,0.6259601320754717,8.177199,0.266693,0.038903385,-1.4093082,8.178667,0.26658997,0.038910747,-1.4098011
200,0.6291056603773585,8.353563,0.25432515,0.038921177,-1.4179363,8.352745,0.25426903,0.0389297,-1.4184171
201,0.6322511886792453,8.434684,0.25344813,0.043077976,-1.4252515,8.433645,0.2534136,0.04308921,-1.4257478
202,0.6353967169811321,8.582401,0.2491495,0.045174956,-1.4280369,8.581667,0.2490423,0.045206994,-1.4285532
203,0.638542245283019,8.743782,0.24689913,0.04115191,-1.4311209,8.743805,0.24674907,0.041217357,-1.431656
204,0.6416877735849057,8.731285,0.24312252,0.042324185,-1.4329667,8.731541,0.24299076,0.042372286,-1.4335178
205,0.6448333018867924,8.702439,0.24299884,0.046126187,-1.4346921,8.702513,0.24289301,0.046174496,-1.4352449
206,0.6479788301886793,8.626119,0.24602365,0.04794702,-1.4329572,8.626814,0.24589732,0.047996968,-1.4335185
207,0.651124358490566,8.614246,0.24695665,0.044940233,-1.4226205,8.615486,0.24680093,0.044969767,-1.4231759
208,0.6542698867924529,8.604271,0.2469405,0.0410482,-1.4172289,8.605234,0.24679723,0.041063428,-1.4177684
209,0.6574154150943397,8.644689,0.24575281,0.041312665,-1.4188101,8.645569,0.24561039,0.04132709,-1.4193422
210,0.6605609433962264,8.643545,0.2585559,0.037992686,-1.4158154,8.643574,0.2584224,0.038012743,-1.4163178
211,0.6637064716981133,8.647021,0.26506793,0.030652821,-1.4104159,8.647389,0.2649534,0.030667394,-1.4109343
212,0.666852,8.685079,0.26907635,0.026815116,-1.4121428,8.685165,0.2689369,0.026848704,-1.4126569
213,0.6699975283018869,8.759037,0.2600547,0.02770722,-1.4157591,8.759377,0.2599524,0.027724475,-1.4162914
214,0.6731430566037736,8.724976,0.24940807,0.03889969,-1.4200039,8.724664,0.24931446,0.038922936,-1.4205092
215,0.6762885849056605,8.225424,0.25106132,0.047519714,-1.4150169,8.227502,0.25097325,0.047523797,-1.415527
216,0.6794341132075472,8.383891,0.2508502,0.045964092,-1.4212656,8.386567,0.25075892,0.04594344,-1.4217771
217,0.682579641509434,8.488019,0.24898845,0.041196495,-1.4228485,8.489542,0.24888077,0.041189343,-1.4233679
218,0.6857251698113208,8.394451,0.2507702,0.03783074,-1.4167352,8.394676,0.25072232,0.03782457,-1.4172529
219,0.6888706981132076,8.592974,0.25633216,0.039658725,-1.4204812,8.592894,0.25626197,0.039664894,-1.4209944
220,0.6920162264150944,8.814581,0.25410855,0.03776604,-1.4197986,8.814808,0.25394836,0.037797898,-1.4203204
221,0.6951617547169812,8.861241,0.24348235,0.03974378,-1.4291291,8.86156,0.24332795,0.03980553,-1.4296631
222,0.6983072830188679,8.6542225,0.24238098,0.041616082,-1.4216251,8.653678,0.2422624,0.041688293,-1.4221319
223,0.7014528113207548,8.840304,0.23991805,0.033202082,-1.4326267,8.841363,0.2398031,0.03327471,-1.43316
224,0.7045983396226415,8.88888,0.2318241,0.037833363,-1.4424613,8.89235,0.2316756,0.03782764,-1.4430066
225,0.7077438679245284,8.647826,0.23137426,0.046360195,-1.4500744,8.652598,0.23128882,0.046304256,-1.4505852
226,0.7108893962264151,8.579132,0.21562517,0.046667457,-1.4606714,8.583098,0.21549496,0.046645254,-1.4611992
227,0.714034924528302,8.571459,0.21851051,0.04643151,-1.4651713,8.574762,0.21841708,0.046402633,-1.4657058
228,0.7171804528301887,8.588437,0.22066945,0.045898408,-1.4642122,8.591788,0.2205812,0.045870632,-1.464737
229,0.7203259811320755,8.624695,0.21750093,0.039244443,-1.4633691,8.628357,0.2174035,0.039221764,-1.46391
230,0.7234715094339623,9.070588,0.19690669,0.03528756,-1.4762945,9.073065,0.1968421,0.035285026,-1.4768137
231,0.7266170377358491,9.257996,0.18383068,0.03403297,-1.496233,9.259031,0.18380848,0.034035653,-1.4967531
232,0.7297625660377359,9.101037,0.15208143,0.031137198,-1.5105147,9.103332,0.15207347,0.031144023,-1.5110444
233,0.7329080943396227,9.274368,0.13566124,0.017793775,-1.5336967,9.274451,0.13560545,0.017879963,-1.5341974
234,0.7360536226415094,9.951788,0.11337757,0.019156039,-1.5593829,9.951596,0.11329946,0.019252926,-1.559925
235,0.7391991509433963,10.174817,0.110313654,0.031100452,-1.5721977,10.173182,0.11023921,0.031186879,-1.5727402
236,0.742344679245283,10.684219,0.0877963,0.018948346,-1.5749052,10.682314,0.0877417,0.019025415,-1.5754436
237,0.7454902075471699,10.588777,0.091991335,0.020647705,-1.5692229,10.586449,0.091962785,0.020711005,-1.5697621
238,0.7486357358490566,10.433089,0.096814305,0.015357107,-1.5542078,10.430147,0.09681216,0.015396148,-1.5546995
239,0.7517812641509435,10.172904,0.11574459,0.014060885,-1.5308337,10.169774,0.115722686,0.014090836,-1.5313166
240,0.7549267924528302,9.945797,0.13033718,0.004114777,-1.5232332,9.942732,0.13027507,0.0041538775,-1.5236953
241,0.758072320754717,9.575277,0.13883895,0.0034890473,-1.4882796,9.572436,0.13873845,0.003500402,-1.4887341
242,0.7612178490566038,8.791028,0.15388,-0.0006426275,-1.460825,8.787819,0.15379873,-0.000605762,-1.4612695
243,0.7643633773584906,8.175896,0.15604448,0.00037527084,-1.4420753,8.172798,0.15596619,0.00040215254,-1.4425119
244,0.7675089056603774,8.119503,0.15476757,-0.001770556,-1.4333084,8.11596,0.15470913,-0.0017524958,-1.4337391
245,0.7706544339622642,8.299086,0.13781226,0.007626772,-1.4446349,8.295086,0.1377354,0.007656783,-1.4450806
246,0.7737999622641509,8.226894,0.13150194,0.007831067,-1.4446964,8.222171,0.13145015,0.00785318,-1.4451267
247,0.7769454905660378,7.3875265,0.1430881,0.020316005,-1.4373825,7.3821077,0.14299002,0.020328224,-1.437791
248,0.7800910188679245,6.781831,0.16841257,0.028595567,-1.4332917,6.775525,0.16831008,0.028587699,-1.4336742
249,0.7832365471698114,6.1319904,0.14978963,0.052588165,-1.4409745,6.1256523,0.14970914,0.052565545,-1.4413611
250,0.7863820754716981,5.446056,0.14747089,0.04831919,-1.4910414,5.4391065,0.14739668,0.04829532,-1.4914247
251,0.789527603773585,6.021854,0.116511226,0.044727564,-1.5422282,6.013657,0.116532475,0.044707984,-1.5426444
252,0.7926731320754717,6.1423583,0.101629674,0.049813032,-1.5622115,6.1334867,0.101661295,0.049794525,-1.5626434
253,0.7958186603773585,7.312909,0.05785358,0.042493105,-1.5905399,7.304286,0.057866424,0.042453766,-1.5910076
254,0.7989641886792453,8.143533,0.05855897,0.04263094,-1.5834458,8.138637,0.058591217,0.042637408,-1.5839378
255,0.8021097169811321,8.397763,0.070043,0.048369348,-1.5677476,8.3926,0.07008475,0.04837501,-1.5682243
256,0.805255245283019,8.767349,0.068508714,0.052485317,-1.5616269,8.766517,0.068486184,0.05249849,-1.5620788
257,0.8084007735849057,9.384264,0.073005676,0.0574919,-1.5516214,9.383984,0.07292259,0.057475,-1.5520657
258,0.8115463018867924,9.183276,0.08118883,0.05991298,-1.5495806,9.181917,0.08107677,0.05992794,-1.5500625
259,0.8146918301886793,8.204998,0.080542,0.054659367,-1.5674827,8.203497,0.08043781,0.054680467,-1.5679601
260,0.817837358490566,7.8557935,0.0742518,0.052485257,-1.5740929,7.8544726,0.0741286,0.052499324,-1.574572
261,0.8209828867924529,7.4839754,0.060068548,0.05067706,-1.5773475,7.482901,0.05999005,0.05069205,-1.5778254
262,0.8241284150943397,8.223443,0.034262955,0.029794663,-1.5787761,8.222155,0.03421387,0.029806316,-1.5792438
263,0.8272739433962264,8.056956,0.06581533,0.020915985,-1.5773361,8.056519,0.06572485,0.02091062,-1.577834
264,0.8304194716981133,8.626898,0.07908514,0.024783313,-1.57672,8.628498,0.07894805,0.024816543,-1.5772091
265,0.833565,9.040003,0.07630998,0.011990339,-1.5701344,9.041536,0.076132715,0.011978179,-1.570655
266,0.8367105283018869,9.083158,0.07146931,0.012598991,-1.5648279,9.084228,0.07130465,0.012587905,-1.5653352
267,0.8398560566037736,8.856228,0.0778963,0.019445956,-1.5684791,8.858111,0.07777515,0.019478261,-1.5689656
268,0.8430015849056605,8.419886,0.08596334,0.02617979,-1.5723777,8.422033,0.08582023,0.026193887,-1.572877
269,0.8461471132075472,8.639885,0.07766616,0.027754217,-1.5712166,8.641393,0.07754439,0.027768463,-1.571709
270,0.849292641509434,8.716418,0.07341266,0.020049363,-1.5716453,8.71807,0.073278934,0.020041049,-1.5721589
271,0.8524381698113208,8.922926,0.06632173,0.008540183,-1.5674114,8.924858,0.0662131,0.00856182,-1.5679046
272,0.8555836981132076,9.231567,0.049837857,0.0017595887,-1.5669856,9.23338,0.049797297,0.0017883182,-1.5674754
273,0.8587292264150944,9.377599,0.042338938,-0.0012334287,-1.5666006,9.378285,0.04231921,-0.0011974275,-1.5671066
274,0.8618747547169812,9.365469,0.03952205,-0.0026599765,-1.5650332,9.366291,0.039515406,-0.002629757,-1.5655369
275,0.8650202830188679,9.241716,0.03940606,-0.0023480356,-1.5650988,9.244153,0.0393537,-0.0023245811,-1.565576
276,0.8681658113207548,9.204534,0.039417982,-3.695488e-05,-1.5662868,9.206759,0.039354354,-6.7055225e-06,-1.5667664
277,0.8713113396226415,9.350449,0.035794586,-0.0032567382,-1.5681999,9.352372,0.035744637,-0.003224641,-1.5686926
278,0.8744568679245284,9.236996,0.026832938,0.0050800145,-1.5704272,9.239585,0.026771039,0.0051015615,-1.5709141
279,0.8776023962264151,9.43833,0.03613752,0.00031909347,-1.5780351,9.440827,0.03612265,0.00033730268,-1.5785052
280,0.880747924528302,9.682787,0.040418804,-0.008067071,-1.5785637,9.685469,0.040411502,-0.00806424,-1.5790251
281,0.8838934528301887,9.63192,0.04075837,-0.006212443,-1.5755532,9.633874,0.040704757,-0.006198317,-1.5760244
282,0.8870389811320755,9.5332775,0.03257501,0.00433141,-1.5748749,9.534287,0.032521516,0.0043776035,-1.5753676
283,0.8901845094339623,9.621031,0.029830843,-0.00046008825,-1.574928,9.623265,0.029765457,-0.00042700768,-1.5754298
284,0.8933300377358491,9.770684,0.02723822,-0.0070270896,-1.5753319,9.771957,0.027159035,-0.007000774,-1.5758485
285,0.8964755660377359,9.639377,0.027980655,-0.0019689798,-1.575974,9.6416,0.027923554,-0.0019654334,-1.576455
286,0.8996210943396227,9.870869,0.028498948,-0.005179167,-1.576858,9.872557,0.02850312,-0.005159855,-1.577319
287,0.9027666226415094,9.851078,0.03070724,-0.0030480623,-1.5846579,9.852676,0.03066811,-0.003048867,-1.5851334
288,0.9059121509433963,9.614773,0.040641934,-0.0014595389,-1.5889957,9.615497,0.040608972,-0.0014444292,-1.5894777
289,0.909057679245283,9.390693,0.033897668,0.00030112267,-1.5906858,9.391579,0.033895522,0.0003194511,-1.591178
290,0.9122032075471699,9.459913,0.028082669,-6.952882e-05,-1.5894618,9.461014,0.028052866,-6.222725e-05,-1.5899583
291,0.9153487358490566,9.51158,0.028455913,-0.001263082,-1.5897701,9.511988,0.02843216,-0.0012414753,-1.5902768
292,0.9184942641509435,9.38855,0.03260812,0.000772208,-1.5882108,9.389939,0.03253615,0.0007992089,-1.5887076
293,0.9216397924528302,8.973171,0.024829686,0.0052191913,-1.5869036,8.974357,0.024805784,0.0052365065,-1.5874065
294,0.924785320754717,8.112063,0.028405428,0.009973973,-1.5870848,8.112293,0.02838397,0.00997445,-1.5875748
295,0.9279308490566038,7.759763,0.03753826,0.005307704,-1.5949471,7.760889,0.03755653,0.005304098,-1.5954434
296,0.9310763773584906,7.770438,0.049084604,0.0027091801,-1.5956554,7.7704153,0.049091786,0.0027303994,-1.5961391
297,0.9342219056603774,7.0099936,0.052283168,0.009795845,-1.5934889,7.0090303,0.052336246,0.009785682,-1.593969
298,0.9373674339622642,6.643656,0.036815733,0.0091997385,-1.5871141,6.643426,0.036889136,0.0092051625,-1.587591
299,0.9405129622641509,6.7158546,0.032463133,0.014970422,-1.5829561,6.716075,0.032459736,0.014922917,-1.5833987
300,0.9436584905660378,7.5506783,0.01999414,0.020099938,-1.5791597,7.551038,0.020001143,0.020077795,-1.5796455
301,0.9468040188679245,7.590307,0.009059548,0.02498731,-1.5799265,7.590156,0.009099126,0.024953902,-1.5804127
302,0.9499495471698114,7.7437134,0.006803721,0.025183499,-1.5810704,7.7434855,0.0068339705,0.02517414,-1.5815676
303,0.9530950754716981,8.033467,-0.0002875328,0.0150381625,-1.5897665,8.033868,-0.00016993284,0.015028298,-1.5902811
304,0.956240603773585,8.669084,-0.0062841475,0.013314605,-1.5977688,8.6675205,-0.0061879456,0.013315797,-1.5982782
305,0.9593861320754717,8.911657,-0.013093621,0.004500419,-1.5998263,8.910243,-0.013071328,0.0045260787,-1.6003157
306,0.9625316603773585,8.841486,-0.029281914,0.014876723,-1.5944684,8.8396845,-0.029160649,0.014878094,-1.5949761
307,0.9656771886792453,8.23742,-0.011630803,0.014443338,-1.5886781,8.234997,-0.011454999,0.014450371,-1.5891827
308,0.9688227169811321,8.859916,0.0087171495,0.016036272,-1.5830252,8.858528,0.008833498,0.016044647,-1.5835098
309,0.971968245283019,9.148116,0.010448545,0.026535958,-1.5685577,9.147062,0.010545403,0.026496857,-1.5690278
310,0.9751137735849057,9.113526,-0.0050264597,0.030034333,-1.5671127,9.114073,-0.0050094426,0.03002569,-1.5675803
311,0.9782593018867924,8.462162,-0.02190867,0.055602044,-1.5623326,8.464059,-0.021855354,0.055544674,-1.5628132
312,0.9814048301886793,8.144302,-0.061195284,0.069067,-1.5562823,8.146542,-0.06117454,0.06899786,-1.5567592
313,0.984550358490566,8.125908,-0.05519238,0.055869043,-1.5597968,8.126892,-0.055094182,0.05578065,-1.5602776
314,0.9876958867924529,7.4264526,-0.07473397,0.071294874,-1.5613134,7.4277906,-0.074597806,0.0712153,-1.561776
315,0.9908414150943397,5.705405,-0.1064634,0.085775614,-1.5652099,5.7079787,-0.106376946,0.08568385,-1.5656856
316,0.9939869433962265,6.0901165,-0.1198414,0.061843336,-1.5653617,6.090416,-0.11975077,0.061783195,-1.5658392
317,0.9971324716981133,6.9205894,-0.1420769,0.07295933,-1.5501823,6.920043,-0.14197637,0.072904974,-1.5506388
318,1.000278,8.971822,-0.10264027,0.039396375,-1.5421889,8.970934,-0.10256323,0.039361626,-1.542672
319,1.0034235283018869,9.874203,-0.080161005,0.035832465,-1.5411105,9.870884,-0.08006734,0.03581381,-1.5415937
320,1.0065690566037737,10.209534,-0.046398133,0.040335894,-1.5352459,10.207722,-0.046244234,0.04027012,-1.5356935
321,1.0097145849056604,10.430069,-0.05181673,0.04772812,-1.541121,10.427933,-0.051745087,0.047667295,-1.5415932
322,1.0128601132075472,10.62178,-0.050238967,0.05023852,-1.543314,10.619123,-0.05017343,0.050183028,-1.5437952
323,1.016005641509434,10.585564,-0.030012935,0.047893137,-1.5395007,10.582828,-0.029926687,0.04781121,-1.5399576
324,1.0191511698113207,11.088885,-0.04959753,0.041736066,-1.5349691,11.086554,-0.049513638,0.0416632,-1.5354334
325,1.0222966981132076,10.888304,-0.041090578,0.030195564,-1.5274723,10.885637,-0.041001767,0.03012678,-1.5279394
326,1.0254422264150944,10.847863,-0.021677256,0.032434613,-1.5176625,10.84463,-0.021562964,0.03238347,-1.5181242
327,1.0285877547169813,10.471082,-0.0030261278,0.036141574,-1.5257719,10.467371,-0.002940327,0.03608823,-1.5262419
328,1.031733283018868,10.453385,0.0010763705,0.044095874,-1.5275936,10.450084,0.001109004,0.044063777,-1.5280803
329,1.0348788113207548,10.423584,0.0005528927,0.050168842,-1.530767,10.420195,0.0005733371,0.050134897,-1.5312699
330,1.0380243396226416,10.602945,-0.014392078,0.053138614,-1.5312302,10.600451,-0.014397055,0.053087533,-1.5317432
331,1.0411698679245283,10.636273,-0.022753447,0.05304724,-1.531049,10.633192,-0.022735208,0.05302295,-1.5315555
332,1.0443153962264151,10.625158,-0.024026453,0.052965432,-1.5280397,10.622904,-0.023888558,0.052884042,-1.5285326
333,1.047460924528302,10.41588,-0.00963226,0.049321175,-1.5271595,10.4130535,-0.009572238,0.049265087,-1.5276648
334,1.0506064528301888,10.334313,-0.009253889,0.050680846,-1.5311759,10.331555,-0.00919646,0.050623804,-1.5316793
335,1.0537519811320755,10.406391,-0.008077264,0.0548366,-1.5279965,10.40382,-0.008045286,0.05479303,-1.5284992
336,1.0568975094339623,10.422231,-0.016232938,0.05638829,-1.521251,10.4213705,-0.016107649,0.056314796,-1.5217391
337,1.0600430377358492,10.570252,-0.04388991,0.060235023,-1.5174181,10.569515,-0.043801755,0.060156584,-1.517903
338,1.0631885660377358,10.221615,-0.053906232,0.054916322,-1.5155544,10.223162,-0.053750306,0.05480814,-1.5160519
339,1.0663340943396227,10.149107,-0.03453836,0.0468823,-1.516804,10.148284,-0.034377664,0.04680893,-1.5173007
340,1.0694796226415095,10.002879,-0.021200687,0.045151025,-1.5139794,10.001305,-0.021143973,0.045106977,-1.5144614
341,1.0726251509433962,9.642665,-0.009566098,0.043856055,-1.5140681,9.6434145,-0.009459376,0.043768167,-1.5145303
342,1.075770679245283,9.159357,0.0069691837,0.049523473,-1.5192146,9.1620455,0.0070257485,0.049412698,-1.5196801
343,1.0789162075471699,8.869318,-0.019498467,0.05066803,-1.5256565,8.870252,-0.019399673,0.05056742,-1.526133
344,1.0820617358490567,7.8976207,-0.015877277,0.04361838,-1.5346813,7.9021044,-0.015915275,0.043488055,-1.5351518
345,1.0852072641509434,7.7501435,-0.006309986,0.036522627,-1.5396426,7.754421,-0.00635463,0.03641379,-1.5401288
346,1.0883527924528302,7.806819,-0.005003214,0.028225541,-1.5387642,7.810317,-0.0050244033,0.028133333,-1.5392519
347,1.091498320754717,7.6068316,0.005596727,0.03693065,-1.5347259,7.609969,0.0055735707,0.036825627,-1.5352072
348,1.0946438490566037,7.217529,0.00869301,0.044730663,-1.533987,7.220928,0.00868991,0.04459986,-1.53447
349,1.0977893773584906,7.323351,0.012408584,0.04263854,-1.5325141,7.326412,0.012466103,0.042455822,-1.5329486
350,1.1009349056603774,7.156212,0.01985249,0.042799234,-1.5332325,7.158837,0.019911468,0.042649537,-1.5336763
351,1.1040804339622643,6.710593,0.030964077,0.03872624,-1.5340543,6.713621,0.031043738,0.038551986,-1.5344862
352,1.107225962264151,6.8791924,0.03908339,0.036640406,-1.5335314,6.8817744,0.03914556,0.036491692,-1.533965
353,1.1103714905660378,7.094508,0.033412725,0.035351634,-1.5336573,7.09781,0.033430904,0.035202354,-1.5340992
354,1.1135170188679246,6.997916,0.018631577,0.03911996,-1.5343821,7.0014505,0.018655092,0.038998276,-1.5348359
355,1.1166625471698113,7.132253,0.011648715,0.039517224,-1.5336709,7.135405,0.011665314,0.039408892,-1.5341321
356,1.1198080754716981,6.921097,0.022489905,0.037149966,-1.5326762,6.924426,0.02246973,0.03702104,-1.5331591
357,1.122953603773585,6.951027,0.029201627,0.033954233,-1.5288994,6.955229,0.029183984,0.033818275,-1.5293652
358,1.1260991320754719,6.9800854,0.024080306,0.03430569,-1.5299628,6.9839563,0.024070859,0.03418675,-1.5304421
359,1.1292446603773585,7.038849,0.0094252825,0.038904965,-1.5326157,7.042575,0.009486526,0.038757175,-1.5330967
360,1.1323901886792453,6.921312,-0.006604016,0.040457845,-1.5376368,6.924936,-0.0065062046,0.040290266,-1.5381197
361,1.1355357169811322,7.141163,-0.016202688,0.041876078,-1.5405724,7.145233,-0.016040057,0.04170677,-1.5410548
362,1.1386812452830188,7.459909,-0.015104562,0.04484251,-1.5427542,7.4639425,-0.015050232,0.04472199,-1.5432123
363,1.1418267735849057,7.6178913,-0.02274403,0.048969746,-1.5421851,7.621436,-0.022718877,0.048849046,-1.5426663
364,1.1449723018867926,7.9564924,-0.027177304,0.05782327,-1.5390406,7.9605594,-0.027166635,0.057694227,-1.5395225
365,1.1481178301886792,7.8453074,-0.013156712,0.06237945,-1.5336633,7.849122,-0.0131442845,0.06223908,-1.5341436
366,1.151263358490566,7.328581,-0.0032357574,0.06350261,-1.5312581,7.3315153,-0.0031004846,0.06333515,-1.5317398
367,1.154408886792453,8.21867,0.0011377037,0.0551686,-1.5247233,8.220821,0.001231879,0.055040836,-1.5251693
368,1.1575544150943398,8.571029,0.012287885,0.050162703,-1.5207269,8.572749,0.012365431,0.050073594,-1.5211822
369,1.1606999433962264,8.872545,0.0015258789,0.046510935,-1.5186758,8.874366,0.0016000867,0.04643503,-1.519138
370,1.1638454716981133,8.732289,-0.015844077,0.050023675,-1.5190611,8.734867,-0.01572156,0.049901605,-1.5195216
371,1.1669910000000001,8.933389,-0.011251628,0.039225817,-1.5193975,8.934624,-0.011176616,0.03912413,-1.5198435
372,1.1701365283018867,8.940691,-0.009970576,0.038535357,-1.5225887,8.942423,-0.009944946,0.038460344,-1.5230719
373,1.1732820566037736,8.97913,0.0011442304,0.031472623,-1.522707,8.980724,0.0012183487,0.031396538,-1.5231653
374,1.1764275849056605,9.899211,-0.016210467,0.025125116,-1.5227025,9.90007,-0.016093701,0.025057286,-1.5231797
375,1.1795731132075473,9.831107,-0.03135279,0.030016065,-1.5195029,9.831424,-0.031229198,0.029940188,-1.5199746
376,1.182718641509434,10.107729,-0.03219068,0.031185418,-1.5144913,10.107462,-0.032063186,0.031133264,-1.5149482
377,1.1858641698113208,10.473988,-0.03696692,0.032388747,-1.5135722,10.474377,-0.036893487,0.03234881,-1.5140451
378,1.1890096981132077,10.871214,-0.039365917,0.035916537,-1.5119412,10.869257,-0.03931749,0.035891593,-1.5124043
379,1.1921552264150943,11.062035,-0.04653403,0.03957987,-1.5150461,11.060628,-0.04647672,0.039553702,-1.515489
380,1.1953007547169812,11.106548,-0.06305969,0.03278038,-1.5167954,11.105741,-0.062992275,0.032749236,-1.5172387
381,1.198446283018868,10.764118,-0.060892403,0.019410282,-1.5133567,10.763532,-0.060828805,0.019370675,-1.51382
382,1.2015918113207549,10.435492,-0.06340608,0.029274821,-1.5209911,10.434664,-0.063388616,0.029267669,-1.5214759
383,1.2047373396226415,10.487611,-0.07742959,0.025260776,-1.5227776,10.48737,-0.07741591,0.025252134,-1.523264
384,1.2078828679245284,10.612243,-0.06312814,0.02290836,-1.5126383,10.61169,-0.0630638,0.022884995,-1.5131053
385,1.2110283962264152,10.727165,-0.06102264,0.028945565,-1.5093112,10.726305,-0.060895026,0.02891776,-1.5097636
386,1.2141739245283019,11.108997,-0.064463854,0.032073796,-1.5140913,11.107751,-0.064343065,0.032067686,-1.514587
387,1.2173194528301887,11.319262,-0.07574561,0.037421286,-1.5155377,11.316945,-0.07567069,0.037409514,-1.5160517
388,1.2204649811320756,11.064162,-0.065654516,0.040795594,-1.5228777,11.06102,-0.06551239,0.04080695,-1.5233845
389,1.2236105094339622,11.069267,-0.060399473,0.03981453,-1.5270326,11.06575,-0.06032142,0.03982812,-1.527527
390,1.226756037735849,11.12018,-0.057610273,0.037914097,-1.5297,11.116509,-0.057519376,0.03791192,-1.5301932
391,1.229901566037736,11.567769,-0.08097255,0.035464108,-1.5298893,11.565495,-0.080902964,0.03541395,-1.5303601
392,1.2330470943396228,11.354694,-0.08419207,0.036443323,-1.5346882,11.351404,-0.08407596,0.036418706,-1.5351576
393,1.2361926226415094,11.223094,-0.08091748,0.03707272,-1.5358257,11.220038,-0.080840826,0.037035137,-1.5362982
394,1.2393381509433963,11.102556,-0.061490685,0.038500786,-1.5341463,11.099764,-0.061433017,0.03848505,-1.5346168
395,1.2424836792452831,11.112804,-0.06369877,0.028930426,-1.535003,11.110111,-0.063643485,0.02890113,-1.5354692
396,1.2456292075471698,11.041299,-0.05181873,0.023305744,-1.5351183,11.03821,-0.05169159,0.023276776,-1.5355817
397,1.2487747358490566,10.876646,-0.040795386,0.028746843,-1.5440907,10.87383,-0.040698797,0.028726667,-1.5445529
398,1.2519202641509435,10.879906,-0.05257374,0.031437933,-1.5424764,10.877052,-0.052479565,0.0314098,-1.5429293
399,1.2550657924528303,10.417182,-0.025044441,0.041902512,-1.5505271,10.41474,-0.024989128,0.041869253,-1.551035
400,1.258211320754717,10.2303915,-0.016205847,0.04925227,-1.5527534,10.228056,-0.016150266,0.049227595,-1.5532523
401,1.2613568490566038,10.429334,-0.034806162,0.03977734,-1.5576346,10.428195,-0.034753203,0.039753675,-1.5581115
402,1.2645023773584907,10.478548,-0.056620598,0.030915618,-1.5526724,10.477497,-0.056491584,0.030897409,-1.5531689
403,1.2676479056603773,9.770852,-0.088460624,0.037014246,-1.5500729,9.77094,-0.08836481,0.037001997,-1.5505563
404,1.2707934339622642,8.746183,-0.12957026,0.060952485,-1.5567427,8.744511,-0.12954566,0.06096083,-1.5572106
405,1.273938962264151,6.151153,-0.106199116,0.08437359,-1.5696943,6.14931,-0.106119394,0.084299654,-1.5701951
406,1.277084490566038,4.916276,-0.08354154,0.06526175,-1.5852094,4.9130797,-0.08341581,0.06521681,-1.5857259
407,1.2802300188679245,6.177,-0.079009295,0.044284612,-1.5898311,6.175122,-0.07893178,0.044279516,-1.5903672
408,1.2833755471698114,7.988794,-0.04543081,0.015818566,-1.591346,7.986159,-0.045344055,0.015878648,-1.5918738
409,1.2865210754716982,9.532291,-0.026654124,-0.0048234165,-1.5896721,9.531595,-0.02660954,-0.0048108995,-1.5902086
410,1.2896666037735849,10.411356,-0.039610744,-0.025263429,-1.5810633,10.410295,-0.039521366,-0.025180489,-1.581554
411,1.2928121320754717,11.017867,-0.03387478,-0.019748122,-1.5750172,11.015122,-0.033794373,-0.019675016,-1.5755304
412,1.2959576603773586,10.571576,-0.019478947,-0.03076896,-1.5774415,10.569826,-0.0193941,-0.030663311,-1.5779382
413,1.2991031886792452,9.786385,0.00047773123,-0.036664397,-1.5610774,9.786201,0.0005585849,-0.036566854,-1.5615538
414,1.302248716981132,9.482044,0.018525839,-0.042942226,-1.550442,9.481522,0.018580168,-0.042830735,-1.5509077
415,1.305394245283019,9.546699,0.009678423,-0.046004713,-1.5443904,9.542086,0.009745747,-0.045912623,-1.54486
416,1.3085397735849058,9.328921,0.028183341,-0.05191812,-1.5362012,9.323633,0.028229386,-0.05185026,-1.5366596
417,1.3116853018867924,8.951849,0.027419895,-0.057308614,-1.5317788,8.944333,0.027443737,-0.057252407,-1.5322014
418,1.3148308301886793,8.546326,0.011780888,-0.0578956,-1.5348969,8.53783,0.011809975,-0.057854474,-1.5353202
419,1.3179763584905662,8.652221,0.008978814,-0.058909953,-1.539032,8.642418,0.009019643,-0.058877617,-1.5394555
420,1.3211218867924528,8.65205,-0.005810082,-0.048899144,-1.5458024,8.640533,-0.0057448745,-0.048873782,-1.5462121
421,1.3242674150943397,9.126994,-0.006941378,-0.051196575,-1.5492542,9.11595,-0.0069086254,-0.05120346,-1.549658
422,1.3274129433962265,9.07459,-0.004681945,-0.056462973,-1.5513949,9.063676,-0.004653871,-0.056428075,-1.5517944
423,1.3305584716981134,8.599664,0.00065660477,-0.04626733,-1.5564768,8.588333,0.0006823242,-0.046228886,-1.5568794
424,1.333704,8.213953,0.010360867,-0.041723967,-1.5578141,8.201951,0.01039803,-0.041657925,-1.5582088
425,1.3368495283018869,8.124392,0.009795219,-0.040777713,-1.5540202,8.11256,0.009836644,-0.040709645,-1.5544132
426,1.3399950566037737,8.719999,0.007843047,-0.04562223,-1.5579555,8.708519,0.007864863,-0.04556948,-1.5583545
427,1.3431405849056604,9.314025,0.0037492216,-0.040948033,-1.5639148,9.303572,0.0037614405,-0.040891767,-1.5643531
428,1.3462861132075472,9.5642805,0.0076114833,-0.03394544,-1.572371,9.554921,0.0076475143,-0.033893555,-1.5728027
429,1.349431641509434,9.574194,0.0041840076,-0.026127398,-1.5793955,9.565308,0.0041979253,-0.026076227,-1.5798398
430,1.352577169811321,9.505134,0.005656481,-0.02293408,-1.5801871,9.495388,0.0057318807,-0.0228858,-1.5806261
431,1.3557226981132076,8.7852125,-0.0031002164,-0.020075262,-1.5755596,8.773215,-0.002995789,-0.020039946,-1.5760025
432,1.3588682264150944,8.619923,-0.008920461,-0.023176163,-1.5676012,8.60765,-0.00884974,-0.02312991,-1.5680238
433,1.3620137547169813,8.627854,-0.007260233,-0.022454202,-1.5702915,8.615956,-0.0071994364,-0.022411734,-1.5707148
434,1.365159283018868,8.912541,0.002461344,-0.024932384,-1.5719533,8.902521,0.002532512,-0.024881274,-1.5723885
435,1.3683048113207548,9.679913,0.0029389262,-0.032121032,-1.5710232,9.670802,0.002960056,-0.032059073,-1.5714704
436,1.3714503396226416,10.093624,-0.00014615059,-0.042185426,-1.5708942,10.083735,-0.00013825297,-0.042116076,-1.5713435
437,1.3745958679245283,10.05552,0.00388515,-0.038298666,-1.5711944,10.045718,0.0038993657,-0.038229853,-1.571648
438,1.3777413962264151,9.83606,-0.00024342537,-0.03902948,-1.5668538,9.826631,-0.00022923946,-0.03895068,-1.5673057
439,1.380886924528302,9.474639,0.002437383,-0.03826523,-1.5665748,9.465198,0.002472192,-0.03819391,-1.5670258
440,1.3840324528301888,9.427425,0.0040692687,-0.041983396,-1.5631084,9.417606,0.0040974915,-0.04190877,-1.5635449
441,1.3871779811320755,9.229916,0.0060129166,-0.043397576,-1.5631411,9.219465,0.0060721934,-0.043343276,-1.5635585
442,1.3903235094339623,9.3460455,0.0056223273,-0.043533623,-1.5662844,9.33509,0.0056818724,-0.043469667,-1.5667146
443,1.3934690377358492,9.336434,0.006279558,-0.047030807,-1.5648651,9.325383,0.006343186,-0.046964824,-1.5652996
444,1.3966145660377358,8.779211,0.0038596392,-0.04638809,-1.5607829,8.7675905,0.003915876,-0.046334,-1.5611931
445,1.3997600943396227,8.97572,-0.0009711087,-0.05167097,-1.552424,8.964463,-0.00093600154,-0.05161786,-1.5528423
446,1.4029056226415095,9.1199465,0.0030124187,-0.052022487,-1.5500302,9.108049,0.0030259788,-0.051989317,-1.5504438
447,1.4060511509433964,9.180685,0.0012287796,-0.053441644,-1.5551941,9.169245,0.0012417734,-0.053383708,-1.5555946
448,1.409196679245283,9.345555,-0.0002246201,-0.051953733,-1.561075,9.333837,-0.00017228723,-0.051913828,-1.5614735
449,1.4123422075471699,9.367093,0.0029151142,-0.043919683,-1.5658336,9.355833,0.002963543,-0.043864846,-1.5662686
450,1.4154877358490567,9.175849,0.00052559376,-0.032705545,-1.5657642,9.165189,0.00059366226,-0.0326342,-1.5661951
451,1.4186332641509434,9.021248,-0.0015757084,-0.026234984,-1.562938,9.010646,-0.0014635623,-0.026201546,-1.5633796
452,1.4217787924528302,8.963811,-0.007472366,-0.020070553,-1.568841,8.9514885,-0.0073285997,-0.020050436,-1.5692664
453,1.424924320754717,8.891874,0.009237319,-0.0197756,-1.5695503,8.880743,0.009316236,-0.019751549,-1.5699714
454,1.428069849056604,9.082448,0.019222766,-0.026970267,-1.5632236,9.071577,0.019336224,-0.026938975,-1.5636293
455,1.4312153773584906,8.759473,0.01006332,-0.02933082,-1.5595982,8.748299,0.010118872,-0.029348522,-1.5599931
456,1.4343609056603774,8.465446,0.02132377,-0.014789283,-1.5607853,8.454178,0.021325171,-0.014795333,-1.5611752
457,1.4375064339622643,8.200538,0.025752097,-0.0174945,-1.5604696,8.189314,0.025742978,-0.017504573,-1.5608615
458,1.440651962264151,7.5642896,0.018604636,-0.017276704,-1.557611,7.55258,0.01859361,-0.017287433,-1.5579816
459,1.4437974905660378,6.312576,0.017040163,-0.009436041,-1.5536897,6.301565,0.01702553,-0.009416401,-1.5540594
460,1.4469430188679246,5.8487062,-0.0018402338,0.0012713075,-1.5600574,5.8384867,-0.0018116236,0.0012765825,-1.560474
461,1.4500885471698113,5.8427734,-0.00201267,0.0091198385,-1.5593605,5.8327,-0.0019588768,0.009130865,-1.5597607
462,1.4532340754716981,5.17231,-0.022880435,0.011265039,-1.5604029,5.1641035,-0.022861779,0.011296421,-1.5608171
463,1.456379603773585,5.3520274,-0.007212341,0.0267995,-1.5524471,5.3443747,-0.0072399974,0.026849449,-1.5528523
464,1.4595251320754719,5.4732056,-0.007559061,0.023655355,-1.5523763,5.466289,-0.0075549185,0.023711056,-1.5527798
465,1.4626706603773585,5.8538055,0.0027307868,0.00036901236,-1.5611012,5.8453693,0.0026867688,0.0004223585,-1.5615169
466,1.4658161886792453,6.676177,-0.0026147366,-0.006287515,-1.5736513,6.6661777,-0.0026274621,-0.0062508285,-1.5740653
467,1.4689617169811322,6.899733,-0.007340014,-0.0018592775,-1.5826559,6.891078,-0.0073257685,-0.0018396676,-1.5831131
468,1.4721072452830188,8.053306,0.010116041,-0.00031280518,-1.5812502,8.045521,0.01015228,-0.00029805303,-1.5817074
469,1.4752527735849057,8.182782,0.052057832,0.0015023649,-1.5808091,8.176647,0.05202979,0.0015259385,-1.5812799
470,1.4783983018867926,8.835287,0.07587448,0.015568554,-1.5739481,8.83169,0.07575223,0.015578359,-1.5744518
471,1.4815438301886794,8.945426,0.08156869,0.0071967244,-1.5713031,8.94462,0.08146104,0.0071911514,-1.5717801
472,1.484689358490566,8.915337,0.10500854,0.00645718,-1.5576758,8.91378,0.1049144,0.0064657032,-1.5581704
473,1.487834886792453,9.259068,0.11379135,-0.001224488,-1.5450113,9.257776,0.11363673,-0.0012179315,-1.5454966
474,1.4909804150943398,9.511004,0.11138117,-0.0041081905,-1.5461385,9.510067,0.111199915,-0.0040985346,-1.5466369
475,1.4941259433962264,9.5019455,0.11976832,-0.0046892464,-1.5524583,9.500029,0.11959201,-0.004659295,-1.5529538
476,1.4972714716981133,9.011786,0.11058581,0.00042393804,-1.5519142,9.014666,0.11029032,0.0004285574,-1.5524064
477,1.5004170000000001,8.861952,0.0861527,0.0034643412,-1.5744565,8.864453,0.08595583,0.0035066903,-1.5749665
478,1.503562528301887,9.745373,0.02847433,0.0057383776,-1.5896964,9.750764,0.028246433,0.005778402,-1.5902058
479,1.5067080566037736,10.018996,0.020447195,-0.0064075887,-1.5943975,10.021646,0.02023974,-0.006384343,-1.5948814
480,1.5098535849056605,9.296674,0.034571797,-0.009576023,-1.5938818,9.297965,0.034433365,-0.009533644,-1.5944222
481,1.5129991132075473,9.350048,0.0606364,-0.013433456,-1.5828037,9.3516655,0.060508937,-0.013363421,-1.5833279
482,1.516144641509434,9.124104,0.08240056,-0.012265503,-1.5655632,9.124661,0.08216366,-0.012325555,-1.5660473
483,1.5192901698113208,9.051985,0.06538108,-0.012278944,-1.5560095,9.053661,0.06523368,-0.012305498,-1.5564686
484,1.5224356981132077,9.026834,0.048387527,-0.008562028,-1.5527239,9.026799,0.048242778,-0.008565515,-1.5531543
485,1.5255812264150943,9.431639,0.034208238,0.01846382,-1.5305424,9.430054,0.034085304,0.018465638,-1.5309995
486,1.5287267547169812,10.361167,0.048921973,0.03624484,-1.5189886,10.361747,0.048740983,0.036229134,-1.5194603
487,1.531872283018868,10.3431225,0.043376237,0.051505804,-1.5063362,10.341413,0.043285012,0.05152878,-1.5068256
488,1.5350178113207549,10.176942,0.046124488,0.06623638,-1.492382,10.174977,0.046085626,0.06624594,-1.492814
489,1.5381633396226415,9.95359,0.07209417,0.06647116,-1.4974179,9.951813,0.072018474,0.066503555,-1.4978477
490,1.5413088679245284,10.143332,0.0531497,0.06780854,-1.504806,10.140885,0.05316323,0.067836344,-1.5052737
491,1.5444543962264152,10.185076,0.040366918,0.055060506,-1.5058179,10.1827965,0.04035756,0.055069864,-1.5062667
492,1.5475999245283019,10.258885,0.035488605,0.052949876,-1.5025852,10.256309,0.03550604,0.052955687,-1.5030378
493,1.5507454528301887,10.226231,0.03689605,0.053614408,-1.5029109,10.223802,0.036904097,0.05362305,-1.5033661
494,1.5538909811320756,10.244842,0.037524402,0.055649906,-1.5043476,10.242362,0.03754863,0.05567369,-1.5048062
495,1.5570365094339624,10.233825,0.03944373,0.0546799,-1.5044966,10.231572,0.039445788,0.05469072,-1.5049561
496,1.560182037735849,10.212401,0.04136011,0.05308065,-1.5037222,10.209792,0.04138246,0.053081185,-1.5041705
497,1.563327566037736,10.20763,0.04098335,0.053041458,-1.5032895,10.205144,0.04100138,0.053041548,-1.5037411
498,1.5664730943396228,10.225912,0.04136482,0.053973615,-1.5034711,10.22374,0.041367978,0.053983927,-1.5039316
499,1.5696186226415094,10.2185135,0.04155335,0.05360943,-1.5032663,10.216303,0.041560173,0.053620577,-1.5037245
500,1.5727641509433963,10.213968,0.03608471,0.050998658,-1.5023358,10.211567,0.03609389,0.051000655,-1.5027877
501,1.5759096792452831,10.215725,0.037121087,0.051230848,-1.502142,10.213319,0.03713426,0.051237643,-1.5025951
502,1.57905520754717,10.234175,0.03677523,0.051944017,-1.5026488,10.232183,0.036776125,0.051962644,-1.5031079
503,1.5822007358490566,10.228094,0.036440104,0.05160886,-1.5025344,10.225826,0.036459565,0.051625192,-1.5029932
504,1.5853462641509435,10.2223015,0.035651296,0.051327944,-1.5020981,10.219884,0.03567204,0.051338077,-1.5025557
505,1.5884917924528303,10.237584,0.035529792,0.0518443,-1.5022733,10.235424,0.03553772,0.051861078,-1.5027324
506,1.591637320754717,10.247527,0.03537962,0.0518682,-1.5024886,10.245422,0.035385996,0.0518862,-1.5029513
507,1.5947828490566038,10.224562,0.035212845,0.0513663,-1.5020072,10.222191,0.03523338,0.051377147,-1.5024644
508,1.5979283773584907,10.222021,0.03524059,0.051042706,-1.5018098,10.219622,0.035263747,0.051052094,-1.502266
509,1.6010739056603773,10.2447605,0.035462767,0.05204442,-1.5023806,10.242471,0.035479814,0.052063197,-1.5028421
510,1.6042194339622642,10.263552,0.03426978,0.051879585,-1.5033455,10.261185,0.034296125,0.05190155,-1.5038022
511,1.607364962264151,10.236057,0.034537792,0.05074799,-1.5023255,10.2335415,0.0345681,0.050767183,-1.5027775
512,1.610510490566038,10.234765,0.034569025,0.050844997,-1.5021973,10.232281,0.034596473,0.050862283,-1.5026497
513,1.6136560188679245,10.253361,0.035093367,0.051418334,-1.5023906,10.251002,0.03511554,0.05144033,-1.5028447
514,1.6168015471698114,10.250962,0.035600305,0.051053166,-1.5024564,10.248619,0.035617113,0.051075995,-1.502911
515,1.6199470754716983,10.241481,0.034876168,0.05028078,-1.5018523,10.238813,0.034908503,0.050294936,-1.5022954
516,1.6230926037735849,10.246903,0.035069972,0.05053419,-1.5021205,10.244434,0.03509426,0.050549984,-1.5025703
517,1.6262381320754717,10.256774,0.036002517,0.05031693,-1.502008,10.254317,0.036027014,0.050334394,-1.5024604
518,1.6293836603773586,10.250639,0.03547904,0.04975432,-1.5015817,10.248153,0.03550136,0.049773544,-1.5020293
519,1.6325291886792455,10.243122,0.03596714,0.049631685,-1.5015225,10.240615,0.035985112,0.049649924,-1.501969
520,1.635674716981132,10.253745,0.034569323,0.048086613,-1.5017142,10.251329,0.03458962,0.04810682,-1.5021635
521,1.638820245283019,10.249093,0.034859598,0.04815042,-1.5016472,10.246701,0.034876585,0.0481717,-1.5020968
522,1.6419657735849058,10.23186,0.03480482,0.046874017,-1.5007596,10.229138,0.034837157,0.046885252,-1.5012001
523,1.6451113018867924,10.233652,0.034742624,0.0469746,-1.5007315,10.230936,0.034773678,0.046987116,-1.5011722
524,1.6482568301886793,10.252275,0.03529623,0.047833443,-1.5010605,10.249914,0.035306603,0.047853976,-1.5015124
525,1.6514023584905662,10.2539215,0.035129428,0.047649443,-1.5011799,10.251595,0.035140723,0.047670275,-1.5016338
526,1.6545478867924528,10.237279,0.03416267,0.046937287,-1.5006406,10.234701,0.0341855,0.046949416,-1.5010828
527,1.6576934150943397,10.238933,0.034076422,0.047138035,-1.5007143,10.236448,0.034092933,0.047150075,-1.5011593
528,1.6608389433962265,10.252192,0.035116285,0.047500372,-1.5013433,10.249766,0.035141528,0.047522813,-1.5017985
529,1.6639844716981134,10.247503,0.035042554,0.04726547,-1.5013759,10.24502,0.03506854,0.047286183,-1.5018309
